"","image","RoiNo","gene_fitc","gene_cy3","gene_af647","Channel","Area","Mean","StdDev","Mode","Min","Max","IntDen","Median","Skew","Kurt","frArea","RawIntDen","MinThr","MaxThr","li_thr_Area","li_thr_Mean","li_thr_StdDev","li_thr_Mode","li_thr_Min","li_thr_Max","li_thr_IntDen","li_thr_Median","li_thr_Skew","li_thr_Kurt","li_thr_frArea","li_thr_RawIntDen","li_thr_MinThr","li_thr_MaxThr","logicIHC"
"1","AF647_SME_Normalized_Composite_MkyFISH_SVZa_BrdU_slide51_BrdU-fitc_TNC-cy3_GFAP-af647_40x_Z_pos4.tif","0001","0","0","GFAP","AF647",79.88,476.48,1311.57,0,0,9188,38059.64,0,3.66,14.98,21.09,365936,0,65535,12.79,2870.28,1972.53,1006,791,9188,36718.79,2298,1.39,1.32,16.02,353044,771,65535,"positive"
"2","AF647_SME_Normalized_Composite_MkyFISH_SVZa_BrdU_slide51_BrdU-fitc_TNC-cy3_GFAP-af647_40x_Z_pos4.tif","0004","0","TNC","GFAP","AF647",198.34,2047.51,3705.45,0,0,25864,406102.54,0,2.08,4.33,35.34,3904597,0,65535,66.36,6097.69,4047.41,5623,777,25864,404618.27,5301,1.03,1.16,33.46,3890326,771,65535,"positive"
"3","AF647_SME_Normalized_Composite_MkyFISH_SVZa_BrdU_slide51_BrdU-fitc_TNC-cy3_GFAP-af647_40x_Z_pos4.tif","0007","0","TNC","0","AF647",118.05,0,0,0,0,0,0,0,NA,NA,0,0,0,65535,0,NA,0,0,771,0,NA,NA,NA,NA,0,NA,771,65535,"negative"
"4","AF647_SME_Normalized_Composite_MkyFISH_SVZa_BrdU_slide51_BrdU-fitc_TNC-cy3_GFAP-af647_40x_Z_pos4.tif","0010","0","TNC","GFAP","AF647",118.46,238.35,1099.23,0,0,13679,28235.72,0,7.08,59.91,10.89,271481,0,65535,8.53,3141.13,2775.62,2404,790,13679,26789.21,2189,1.9,3.13,7.2,257573,771,65535,"positive"
"5","AF647_SME_Normalized_Composite_MkyFISH_SVZa_BrdU_slide51_BrdU-fitc_TNC-cy3_GFAP-af647_40x_Z_pos4.tif","0013","0","TNC","0","AF647",74.05,0,0,0,0,0,0,0,NA,NA,0,0,0,65535,0,NA,0,0,771,0,NA,NA,NA,NA,0,NA,771,65535,"negative"
"6","AF647_SME_Normalized_Composite_MkyFISH_SVZa_BrdU_slide51_BrdU-fitc_TNC-cy3_GFAP-af647_40x_Z_pos4.tif","0015","0","TNC","0","AF647",135.31,0.62,14.39,0,0,427,83.41,0,25.86,700.87,0.23,802,0,65535,0,NA,0,0,771,427,NA,NA,NA,NA,0,NA,771,65535,"negative"
"7","AF647_SME_Normalized_Composite_MkyFISH_SVZa_BrdU_slide51_BrdU-fitc_TNC-cy3_GFAP-af647_40x_Z_pos4.tif","0018","0","TNC","0","AF647",82.58,0,0,0,0,0,0,0,NA,NA,0,0,0,65535,0,NA,0,0,771,0,NA,NA,NA,NA,0,NA,771,65535,"negative"
"8","AF647_SME_Normalized_Composite_MkyFISH_SVZa_BrdU_slide51_BrdU-fitc_TNC-cy3_GFAP-af647_40x_Z_pos4.tif","0021","0","TNC","0","AF647",140.82,0,0,0,0,0,0,0,NA,NA,0,0,0,65535,0,NA,0,0,3696,0,NA,NA,NA,NA,0,NA,771,65535,"negative"
"9","AF647_SME_Normalized_Composite_MkyFISH_SVZa_BrdU_slide51_BrdU-fitc_TNC-cy3_GFAP-af647_40x_Z_pos4.tif","0024","0","0","0","AF647",107.54,0,0,0,0,0,0,0,NA,NA,0,0,0,65535,0,NA,0,0,771,0,NA,NA,NA,NA,0,NA,771,65535,"negative"
"10","AF647_SME_Normalized_Composite_MkyFISH_SVZa_BrdU_slide51_BrdU-fitc_TNC-cy3_GFAP-af647_40x_Z_pos4.tif","0027","0","TNC","0","AF647",125.54,0,0,0,0,0,0,0,NA,NA,0,0,0,65535,0,NA,0,0,771,0,NA,NA,NA,NA,0,NA,771,65535,"negative"
"11","AF647_SME_Normalized_Composite_MkyFISH_SVZa_BrdU_slide51_BrdU-fitc_TNC-cy3_GFAP-af647_40x_Z_pos4.tif","0030","0","TNC","0","AF647",105.67,0,0,0,0,0,0,0,NA,NA,0,0,0,65535,0,NA,0,0,771,0,NA,NA,NA,NA,0,NA,771,65535,"negative"
"12","AF647_SME_Normalized_Composite_MkyFISH_SVZa_BrdU_slide51_BrdU-fitc_TNC-cy3_GFAP-af647_40x_Z_pos4.tif","0033","0","TNC","0","AF647",137.91,0,0,0,0,0,0,0,NA,NA,0,0,0,65535,0,NA,0,0,771,0,NA,NA,NA,NA,0,NA,771,65535,"negative"
"13","AF647_SME_Normalized_Composite_MkyFISH_SVZa_BrdU_slide51_BrdU-fitc_TNC-cy3_GFAP-af647_40x_Z_pos4.tif","0036","0","TNC","0","AF647",89.65,0,0,0,0,0,0,0,NA,NA,0,0,0,65535,0,NA,0,0,771,0,NA,NA,NA,NA,0,NA,771,65535,"negative"
"14","AF647_SME_Normalized_Composite_MkyFISH_SVZa_BrdU_slide51_BrdU-fitc_TNC-cy3_GFAP-af647_40x_Z_pos4.tif","0039","0","TNC","0","AF647",80.92,0,0,0,0,0,0,0,NA,NA,0,0,0,65535,0,NA,0,0,771,0,NA,NA,NA,NA,0,NA,771,65535,"negative"
"15","AF647_SME_Normalized_Composite_MkyFISH_SVZa_BrdU_slide51_BrdU-fitc_TNC-cy3_GFAP-af647_40x_Z_pos4.tif","0042","0","TNC","GFAP","AF647",48.47,0,0,0,0,0,0,0,NA,NA,0,0,0,65535,0,NA,0,0,771,0,NA,NA,NA,NA,0,NA,771,65535,"positive"
"16","AF647_SME_Normalized_Composite_MkyFISH_SVZa_BrdU_slide51_BrdU-fitc_TNC-cy3_GFAP-af647_40x_Z_pos4.tif","0045","0","TNC","0","AF647",88.93,0,0,0,0,0,0,0,NA,NA,0,0,0,65535,0,NA,0,0,771,0,NA,NA,NA,NA,0,NA,771,65535,"negative"
"17","AF647_SME_Normalized_Composite_MkyFISH_SVZa_BrdU_slide51_BrdU-fitc_TNC-cy3_GFAP-af647_40x_Z_pos4.tif","0048","0","TNC","0","AF647",154.97,0.04,1.71,0,0,66,6.86,0,38.56,1485,0.07,66,0,65535,0,NA,0,0,771,66,NA,NA,NA,NA,0,NA,771,65535,"negative"
"18","AF647_SME_Normalized_Composite_MkyFISH_SVZa_BrdU_slide51_BrdU-fitc_TNC-cy3_GFAP-af647_40x_Z_pos4.tif","0051","0","0","GFAP","AF647",67.08,0,0,0,0,0,0,0,NA,NA,0,0,0,65535,0,NA,0,0,771,0,NA,NA,NA,NA,0,NA,771,65535,"positive"
"19","AF647_SME_Normalized_Composite_MkyFISH_SVZa_BrdU_slide51_BrdU-fitc_TNC-cy3_GFAP-af647_40x_Z_pos4.tif","0054","0","TNC","0","AF647",157.26,0,0,0,0,0,0,0,NA,NA,0,0,0,65535,0,NA,0,0,2985,0,NA,NA,NA,NA,0,NA,771,65535,"negative"
"20","AF647_SME_Normalized_Composite_MkyFISH_SVZa_BrdU_slide51_BrdU-fitc_TNC-cy3_GFAP-af647_40x_Z_pos4.tif","0056","0","TNC","GFAP","AF647",47.74,1833.37,3496.73,0,0,17827,87522.93,0,2.56,6.49,43.79,841516,0,65535,17.47,4916.24,4290.02,822,822,17827,85901.79,3325,1.39,1.06,36.6,825929,771,65535,"positive"
"21","AF647_SME_Normalized_Composite_MkyFISH_SVZa_BrdU_slide51_BrdU-fitc_TNC-cy3_GFAP-af647_40x_Z_pos4.tif","0059","0","0","0","AF647",74.68,0,0,0,0,0,0,0,NA,NA,0,0,0,65535,0,NA,0,0,771,0,NA,NA,NA,NA,0,NA,771,65535,"negative"
"22","AF647_SME_Normalized_Composite_MkyFISH_SVZa_BrdU_slide51_BrdU-fitc_TNC-cy3_GFAP-af647_40x_Z_pos4.tif","0062","0","TNC","GFAP","AF647",80.19,34.52,214.83,0,0,2204,2768.02,0,7.34,57.25,4.02,26614,0,65535,1.56,1445.47,459.41,813,813,2204,2255.06,1355,0.33,-1.28,1.95,21682,771,65535,"positive"
"23","AF647_SME_Normalized_Composite_MkyFISH_SVZa_BrdU_slide51_BrdU-fitc_TNC-cy3_GFAP-af647_40x_Z_pos4.tif","0065","0","TNC","0","AF647",81.96,0,0,0,0,0,0,0,NA,NA,0,0,0,65535,0,NA,0,0,771,0,NA,NA,NA,NA,0,NA,771,65535,"negative"
"24","AF647_SME_Normalized_Composite_MkyFISH_SVZa_BrdU_slide51_BrdU-fitc_TNC-cy3_GFAP-af647_40x_Z_pos4.tif","0068","0","0","GFAP","AF647",63.76,114.91,428.85,0,0,3215,7326.41,0,4.29,19.15,9.62,70442,0,65535,3.85,1662.27,615.46,1222,828,3215,6396.8,1542,0.69,-0.36,6.04,61504,771,65535,"positive"
"25","AF647_SME_Normalized_Composite_MkyFISH_SVZa_BrdU_slide51_BrdU-fitc_TNC-cy3_GFAP-af647_40x_Z_pos4.tif","0071","0","TNC","0","AF647",127.51,0,0,0,0,0,0,0,NA,NA,0,0,0,65535,0,NA,0,0,771,0,NA,NA,NA,NA,0,NA,771,65535,"negative"
"26","AF647_SME_Normalized_Composite_MkyFISH_SVZa_BrdU_slide51_BrdU-fitc_TNC-cy3_GFAP-af647_40x_Z_pos4.tif","0074","0","TNC","0","AF647",70.2,0,0,0,0,0,0,0,NA,NA,0,0,0,65535,0,NA,0,0,771,0,NA,NA,NA,NA,0,NA,771,65535,"negative"
"27","AF647_SME_Normalized_Composite_MkyFISH_SVZa_BrdU_slide51_BrdU-fitc_TNC-cy3_GFAP-af647_40x_Z_pos4.tif","0077","0","0","GFAP","AF647",67.5,109.43,456.52,0,0,3239,7386.73,0,4.66,21.94,7.86,71022,0,65535,3.54,1901.03,709.27,807,807,3239,6722.44,1929,0.18,-1.16,5.24,64635,771,65535,"positive"
"28","AF647_SME_Normalized_Composite_MkyFISH_SVZa_BrdU_slide51_BrdU-fitc_TNC-cy3_GFAP-af647_40x_Z_pos4.tif","0080","0","TNC","0","AF647",143.84,0,0,0,0,0,0,0,NA,NA,0,0,0,65535,0,NA,0,0,771,0,NA,NA,NA,NA,0,NA,771,65535,"negative"
"29","AF647_SME_Normalized_Composite_MkyFISH_SVZa_BrdU_slide51_BrdU-fitc_TNC-cy3_GFAP-af647_40x_Z_pos4.tif","0084","0","TNC","0","AF647",112.85,0,0,0,0,0,0,0,NA,NA,0,0,0,65535,0,NA,0,0,771,0,NA,NA,NA,NA,0,NA,771,65535,"negative"
"30","AF647_SME_Normalized_Composite_MkyFISH_SVZa_BrdU_slide51_BrdU-fitc_TNC-cy3_GFAP-af647_40x_Z_pos4.tif","0087","0","0","GFAP","AF647",109.1,311.09,854.79,0,0,7651,33940.47,0,3.78,18.18,17.92,326331,0,65535,15.29,2089.51,1210.98,1126,836,7651,31946.36,1749,2.05,5.1,14.01,307158,771,65535,"positive"
"31","AF647_SME_Normalized_Composite_MkyFISH_SVZa_BrdU_slide51_BrdU-fitc_TNC-cy3_GFAP-af647_40x_Z_pos4.tif","0090","0","TNC","GFAP","AF647",134.9,341.86,840.76,0,0,6439,46115.23,0,2.95,9.4,21.36,443389,0,65535,21.11,2030.3,1028.89,2778,771,6439,42866.29,1702,1.15,1.41,15.65,412151,771,65535,"positive"
"32","AF647_SME_Normalized_Composite_MkyFISH_SVZa_BrdU_slide51_BrdU-fitc_TNC-cy3_GFAP-af647_40x_Z_pos4.tif","0093","0","TNC","GFAP","AF647",74.99,106.94,412.59,0,0,3136,8019.19,0,4.58,22.19,10.4,77103,0,65535,4.16,1662.28,634.11,1589,850,3136,6915.48,1495,0.77,-0.45,5.55,66491,771,65535,"positive"
"33","AF647_SME_Normalized_Composite_MkyFISH_SVZa_BrdU_slide51_BrdU-fitc_TNC-cy3_GFAP-af647_40x_Z_pos4.tif","0098","0","TNC","GFAP","AF647",78.21,155.13,534.58,0,0,3482,12133.27,0,4.04,16.73,11.97,116659,0,65535,5.82,1845.07,803.52,796,796,3482,10746.34,1735,0.5,-0.96,7.45,103324,771,65535,"positive"
"34","AF647_SME_Normalized_Composite_MkyFISH_SVZa_BrdU_slide51_BrdU-fitc_TNC-cy3_GFAP-af647_40x_Z_pos4.tif","0101","0","TNC","0","AF647",80.5,1.57,25.65,0,0,469,126.68,0,16.65,280.68,0.39,1218,0,65535,0,NA,0,0,4760,469,NA,NA,NA,NA,0,NA,771,65535,"negative"
"35","AF647_SME_Normalized_Composite_MkyFISH_SVZa_BrdU_slide51_BrdU-fitc_TNC-cy3_GFAP-af647_40x_Z_pos4.tif","0104","0","TNC","0","AF647",194.39,0,0,0,0,0,0,0,NA,NA,0,0,0,65535,0,NA,0,0,771,0,NA,NA,NA,NA,0,NA,771,65535,"negative"
"36","AF647_SME_Normalized_Composite_MkyFISH_SVZa_BrdU_slide51_BrdU-fitc_TNC-cy3_GFAP-af647_40x_Z_pos4.tif","0107","0","TNC","0","AF647",65.84,0,0,0,0,0,0,0,NA,NA,0,0,0,65535,0,NA,0,0,771,0,NA,NA,NA,NA,0,NA,771,65535,"negative"
"37","AF647_SME_Normalized_Composite_MkyFISH_SVZa_BrdU_slide51_BrdU-fitc_TNC-cy3_GFAP-af647_40x_Z_pos4.tif","0111","0","TNC","0","AF647",129.38,0,0,0,0,0,0,0,NA,NA,0,0,0,65535,0,NA,0,0,771,0,NA,NA,NA,NA,0,NA,771,65535,"negative"
"38","AF647_SME_Normalized_Composite_MkyFISH_SVZa_BrdU_slide51_BrdU-fitc_TNC-cy3_GFAP-af647_40x_Z_pos4.tif","0115","0","0","0","AF647",100.47,0,0,0,0,0,0,0,NA,NA,0,0,0,65535,0,NA,0,0,771,0,NA,NA,NA,NA,0,NA,771,65535,"negative"
"39","AF647_SME_Normalized_Composite_MkyFISH_SVZa_BrdU_slide51_BrdU-fitc_TNC-cy3_GFAP-af647_40x_Z_pos4.tif","0118","0","TNC","GFAP","AF647",95.79,248.76,1099.5,0,0,10088,23828.25,0,5.97,39.37,11.29,229104,0,65535,6.55,3382.6,2662.76,1367,773,10088,22164.15,2252,1.07,0.06,6.84,213104,771,65535,"positive"
"40","AF647_SME_Normalized_Composite_MkyFISH_SVZa_BrdU_slide51_BrdU-fitc_TNC-cy3_GFAP-af647_40x_Z_pos4.tif","0121","0","TNC","GFAP","AF647",90.07,0.36,7.62,0,0,212,32.03,0,25.67,694.5,0.35,308,0,65535,0,NA,0,0,771,212,NA,NA,NA,NA,0,NA,771,65535,"positive"
"41","AF647_SME_Normalized_Composite_MkyFISH_SVZa_BrdU_slide51_BrdU-fitc_TNC-cy3_GFAP-af647_40x_Z_pos4.tif","0124","0","TNC","0","AF647",94.23,0,0,0,0,0,0,0,NA,NA,0,0,0,65535,0,NA,0,0,771,0,NA,NA,NA,NA,0,NA,771,65535,"negative"
"42","AF647_SME_Normalized_Composite_MkyFISH_SVZa_BrdU_slide51_BrdU-fitc_TNC-cy3_GFAP-af647_40x_Z_pos4.tif","0128","0","TNC","0","AF647",101.2,0,0,0,0,0,0,0,NA,NA,0,0,0,65535,0,NA,0,0,771,0,NA,NA,NA,NA,0,NA,771,65535,"negative"
"43","AF647_SME_Normalized_Composite_MkyFISH_SVZa_BrdU_slide51_BrdU-fitc_TNC-cy3_GFAP-af647_40x_Z_pos4.tif","0131","0","TNC","0","AF647",127.51,0,0,0,0,0,0,0,NA,NA,0,0,0,65535,0,NA,0,0,771,0,NA,NA,NA,NA,0,NA,771,65535,"negative"
"44","AF647_SME_Normalized_Composite_MkyFISH_SVZa_BrdU_slide51_BrdU-fitc_TNC-cy3_GFAP-af647_40x_Z_pos4.tif","0135","0","0","GFAP","AF647",90.07,1298.46,2628.36,0,0,16598,116951.61,0,2.84,9.26,39.49,1124467,0,65535,26.52,4287.41,3280.38,4082,784,16598,113708.9,3274,1.62,2.6,29.45,1093289,771,65535,"positive"
"45","AF647_SME_Normalized_Composite_MkyFISH_SVZa_BrdU_slide51_BrdU-fitc_TNC-cy3_GFAP-af647_40x_Z_pos4.tif","0138","0","TNC","0","AF647",120.54,0,0,0,0,0,0,0,NA,NA,0,0,0,65535,0,NA,0,0,771,0,NA,NA,NA,NA,0,NA,771,65535,"negative"
"46","AF647_SME_Normalized_Composite_MkyFISH_SVZa_BrdU_slide51_BrdU-fitc_TNC-cy3_GFAP-af647_40x_Z_pos4.tif","0141","0","TNC","GFAP","AF647",88.41,9.4,79.91,0,0,1077,830.59,0,10.19,110.59,2.24,7986,0,65535,0.42,944.75,124.21,779,779,1077,393.04,981,-0.44,-1.02,0.47,3779,771,65535,"positive"
"47","AF647_SME_Normalized_Composite_MkyFISH_SVZa_BrdU_slide51_BrdU-fitc_TNC-cy3_GFAP-af647_40x_Z_pos4.tif","0145","0","TNC","0","AF647",80.19,0,0,0,0,0,0,0,NA,NA,0,0,0,65535,0,NA,0,0,771,0,NA,NA,NA,NA,0,NA,771,65535,"negative"
"48","AF647_SME_Normalized_Composite_MkyFISH_SVZa_BrdU_slide51_BrdU-fitc_TNC-cy3_GFAP-af647_40x_Z_pos4.tif","0148","0","TNC","0","AF647",139.16,0,0,0,0,0,0,0,NA,NA,0,0,0,65535,0,NA,0,0,771,0,NA,NA,NA,NA,0,NA,771,65535,"negative"
"49","AF647_SME_Normalized_Composite_MkyFISH_SVZa_BrdU_slide51_BrdU-fitc_TNC-cy3_GFAP-af647_40x_Z_pos4.tif","0151","0","TNC","0","AF647",91.42,0,0,0,0,0,0,0,NA,NA,0,0,0,65535,0,NA,0,0,771,0,NA,NA,NA,NA,0,NA,771,65535,"negative"
"50","AF647_SME_Normalized_Composite_MkyFISH_SVZa_BrdU_slide51_BrdU-fitc_TNC-cy3_GFAP-af647_40x_Z_pos4.tif","0155","0","TNC","0","AF647",66.36,0,0,0,0,0,0,0,NA,NA,0,0,0,65535,0,NA,0,0,771,0,NA,NA,NA,NA,0,NA,771,65535,"negative"
"51","AF647_SME_Normalized_Composite_MkyFISH_SVZa_BrdU_slide51_BrdU-fitc_TNC-cy3_GFAP-af647_40x_Z_pos4.tif","0159","0","TNC","GFAP","AF647",100.89,452.32,859.79,0,0,3853,45632.85,0,1.95,2.91,30.62,438751,0,65535,23.3,1841.5,798.39,808,773,3853,42902.27,1637,0.64,-0.63,23.09,412497,771,65535,"positive"
"52","AF647_SME_Normalized_Composite_MkyFISH_SVZa_BrdU_slide51_BrdU-fitc_TNC-cy3_GFAP-af647_40x_Z_pos4.tif","0163","0","TNC","0","AF647",71.45,0,0,0,0,0,0,0,NA,NA,0,0,0,65535,0,NA,0,0,3359,0,NA,NA,NA,NA,0,NA,771,65535,"negative"
"53","AF647_SME_Normalized_Composite_MkyFISH_SVZa_BrdU_slide51_BrdU-fitc_TNC-cy3_GFAP-af647_40x_Z_pos4.tif","0167","0","TNC","0","AF647",105.36,0,0,0,0,0,0,0,NA,NA,0,0,0,65535,0,NA,0,0,771,0,NA,NA,NA,NA,0,NA,771,65535,"negative"
"54","AF647_SME_Normalized_Composite_MkyFISH_SVZa_BrdU_slide51_BrdU-fitc_TNC-cy3_GFAP-af647_40x_Z_pos4.tif","0173","0","TNC","0","AF647",157.57,0,0,0,0,0,0,0,NA,NA,0,0,0,65535,0,NA,0,0,771,0,NA,NA,NA,NA,0,NA,771,65535,"negative"
"55","AF647_SME_Normalized_Composite_MkyFISH_SVZa_BrdU_slide51_BrdU-fitc_TNC-cy3_GFAP-af647_40x_Z_pos4.tif","0194","BrdU","TNC","GFAP","AF647",126.37,623.3,1099.65,0,0,5814,78764.78,0,1.98,3.71,35.72,757308,0,65535,35.26,2123.05,1077.06,860,771,5814,74854.66,2046,1.14,1.17,27.9,719713,771,65535,"positive"
"56","AF647_SME_Normalized_Composite_MkyFISH_SVZa_BrdU_slide51_BrdU-fitc_TNC-cy3_GFAP-af647_40x_Z_pos4.tif","0242","0","TNC","0","AF647",69.27,151.4,564.11,0,0,3442,10487.26,0,3.99,15.41,9.01,100833,0,65535,4.58,2140.48,710.35,982,982,3442,9795.41,2179,0.11,-1.13,6.61,94181,771,65535,"negative"
"57","AF647_SME_Normalized_Composite_MkyFISH_SVZa_BrdU_slide51_BrdU-fitc_TNC-cy3_GFAP-af647_40x_Z_pos4.tif","0253","0","TNC","GFAP","AF647",93.5,113.4,534.02,0,0,5260,10603.54,0,5.72,36.06,6.56,101951,0,65535,4.78,2122.85,1138.76,797,797,5260,10156.32,2004,0.87,0.06,5.12,97651,771,65535,"positive"
"58","AF647_SME_Normalized_Composite_MkyFISH_SVZa_BrdU_slide51_BrdU-fitc_TNC-cy3_GFAP-af647_40x_Z_pos4.tif","0267","0","TNC","GFAP","AF647",108.89,163.25,470.21,0,0,4376,17777.37,0,3.83,18.12,18.05,170926,0,65535,10.71,1408.43,651.49,975,774,4376,15087.98,1183,2.03,4.86,9.84,145068,771,65535,"positive"
"59","AF647_SME_Normalized_Composite_MkyFISH_SVZa_BrdU_slide51_BrdU-fitc_TNC-cy3_GFAP-af647_40x_Z_pos4.tif","0273","0","TNC","GFAP","AF647",109.1,315.38,1275.47,0,0,14278,34408.6,0,6.28,47.06,15.54,330832,0,65535,9.57,3313.58,2939.57,820,820,14278,31706.21,2188,1.79,2.87,8.77,304849,771,65535,"positive"
"60","AF647_SME_Normalized_Composite_MkyFISH_SVZa_BrdU_slide51_BrdU-fitc_TNC-cy3_GFAP-af647_40x_Z_pos4.tif","0288","0","TNC","0","AF647",91.01,0,0,0,0,0,0,0,NA,NA,0,0,0,65535,0,NA,0,0,771,0,NA,NA,NA,NA,0,NA,771,65535,"negative"
"61","AF647_SME_Normalized_Composite_MkyFISH_SVZa_BrdU_slide51_BrdU-fitc_TNC-cy3_GFAP-af647_40x_Z_pos4.tif","0293","0","TNC","0","AF647",27.98,0,0,0,0,0,0,0,NA,NA,0,0,0,65535,0,NA,0,0,771,0,NA,NA,NA,NA,0,NA,771,65535,"negative"
"62","AF647_SME_Normalized_Composite_MkyFISH_SVZa_BrdU_slide51_BrdU-fitc_TNC-cy3_GFAP-af647_40x_Z_pos4.tif","0299","0","TNC","0","AF647",86.43,1.35,18.76,0,0,368,117.11,0,15.36,252.19,0.72,1126,0,65535,0,NA,0,0,771,368,NA,NA,NA,NA,0,NA,771,65535,"negative"
"63","AF647_SME_Normalized_Composite_MkyFISH_SVZa_BrdU_slide51_BrdU-fitc_TNC-cy3_GFAP-af647_40x_Z_pos4.tif","0305","0","TNC","GFAP","AF647",68.44,91.35,330.19,0,0,2136,6251.71,0,4.04,16.28,9.88,60109,0,65535,3.43,1401.48,382.04,865,865,2136,4810.19,1413,0.23,-1.17,5.02,46249,771,65535,"positive"
"64","FITC_SME_Normalized_Composite_MkyFISH_SVZa_ctrl_slide150_GFAP-FITC_APLNR-Cy3_VIM-AF647_40x_Z_pos2.tif","0005","GFAP","APLNR","VIM","FITC",170.05,1513.05,3144.97,0,0,16090,257294.44,0,2.42,5.47,32.97,2473836,0,65535,43.79,5754.45,3757.97,3198,1033,16090,251968.07,4895,0.87,-0.09,25.75,2422624,1028,65535,"positive"
"65","FITC_SME_Normalized_Composite_MkyFISH_SVZa_ctrl_slide150_GFAP-FITC_APLNR-Cy3_VIM-AF647_40x_Z_pos2.tif","0010","0","0","0","FITC",95.89,0,0,0,0,0,0,0,NA,NA,0,0,0,65535,0,NA,0,0,1028,0,NA,NA,NA,NA,0,NA,1028,65535,"negative"
"66","FITC_SME_Normalized_Composite_MkyFISH_SVZa_ctrl_slide150_GFAP-FITC_APLNR-Cy3_VIM-AF647_40x_Z_pos2.tif","0013","GFAP","0","0","FITC",56.16,1334.09,2603.09,0,0,10769,74927.05,0,1.98,2.82,30.19,720409,0,65535,14.56,5041.79,2739.82,2709,1094,10769,73412.92,4909,0.35,-1.02,25.93,705851,1028,65535,"positive"
"67","FITC_SME_Normalized_Composite_MkyFISH_SVZa_ctrl_slide150_GFAP-FITC_APLNR-Cy3_VIM-AF647_40x_Z_pos2.tif","0020","GFAP","APLNR","0","FITC",158.71,596.71,1451.77,0,0,10585,94706.65,0,2.98,9.87,21.69,910586,0,65535,28.39,3222.59,1820.53,1266,1036,10585,91501.17,2770,1.3,1.84,17.89,879766,1028,65535,"positive"
"68","FITC_SME_Normalized_Composite_MkyFISH_SVZa_ctrl_slide150_GFAP-FITC_APLNR-Cy3_VIM-AF647_40x_Z_pos2.tif","0025","GFAP","0","0","FITC",129.28,143.93,1416.74,0,0,23975,18607.76,0,12.63,175.56,3.06,178910,0,65535,2.08,8593.4,7389.58,1217,1217,23975,17875.35,5984,0.84,-0.48,1.61,171868,1028,65535,"positive"
"69","FITC_SME_Normalized_Composite_MkyFISH_SVZa_ctrl_slide150_GFAP-FITC_APLNR-Cy3_VIM-AF647_40x_Z_pos2.tif","0032","0","APLNR","VIM","FITC",125.33,0,0,0,0,0,0,0,NA,NA,0,0,0,65535,0,NA,0,0,1028,0,NA,NA,NA,NA,0,NA,1028,65535,"negative"
"70","FITC_SME_Normalized_Composite_MkyFISH_SVZa_ctrl_slide150_GFAP-FITC_APLNR-Cy3_VIM-AF647_40x_Z_pos2.tif","0033","0","APLNR","VIM","FITC",103.38,0,0,0,0,0,0,0,NA,NA,0,0,0,65535,0,NA,0,0,1028,0,NA,NA,NA,NA,0,NA,1028,65535,"negative"
"71","FITC_SME_Normalized_Composite_MkyFISH_SVZa_ctrl_slide150_GFAP-FITC_APLNR-Cy3_VIM-AF647_40x_Z_pos2.tif","0034","GFAP","0","VIM","FITC",54.81,2294.56,2771.69,0,0,10127,125767.6,715,0.88,-0.52,55.03,1209231,0,65535,26.31,4699.66,2194.23,2898,1050,10127,123664.8,4567,0.25,-0.8,48.01,1189013,1028,65535,"positive"
"72","FITC_SME_Normalized_Composite_MkyFISH_SVZa_ctrl_slide150_GFAP-FITC_APLNR-Cy3_VIM-AF647_40x_Z_pos2.tif","0038","0","0","0","FITC",52.73,144.59,559.48,0,0,3645,7624.6,0,4.1,16.28,8.09,73309,0,65535,3.22,2207.84,694.27,2202,1052,3645,7118.5,2202,0.08,-0.81,6.11,68443,1028,65535,"negative"
"73","FITC_SME_Normalized_Composite_MkyFISH_SVZa_ctrl_slide150_GFAP-FITC_APLNR-Cy3_VIM-AF647_40x_Z_pos2.tif","0043","GFAP","0","0","FITC",72.28,2785.12,4811.17,0,0,28865,201320.76,0,1.79,2.84,33.38,1935660,0,65535,23.3,8627.37,4630.11,5658,1054,28865,200995.33,8156,0.91,1.23,32.23,1932531,1028,65535,"positive"
"74","FITC_SME_Normalized_Composite_MkyFISH_SVZa_ctrl_slide150_GFAP-FITC_APLNR-Cy3_VIM-AF647_40x_Z_pos2.tif","0047","0","0","VIM","FITC",61.26,716.55,2360.45,0,0,16802,43895.74,0,3.92,15.97,13.75,422049,0,65535,6.97,6183.64,3913.05,1101,1101,16802,43090.21,5383,0.75,-0.39,11.38,414304,1028,65535,"negative"
"75","FITC_SME_Normalized_Composite_MkyFISH_SVZa_ctrl_slide150_GFAP-FITC_APLNR-Cy3_VIM-AF647_40x_Z_pos2.tif","0050","GFAP","0","0","FITC",124.7,1203.03,2658.73,0,0,14489,150021.55,0,2.43,5.49,24.52,1442428,0,65535,27.25,5442.57,3052.98,2064,1057,14489,148308.15,4890,0.74,-0.08,21.85,1425954,1028,65535,"positive"
"76","FITC_SME_Normalized_Composite_MkyFISH_SVZa_ctrl_slide150_GFAP-FITC_APLNR-Cy3_VIM-AF647_40x_Z_pos2.tif","0055","GFAP","APLNR","VIM","FITC",76.24,1999.35,4841.76,0,0,26733,152423.47,0,2.77,7.37,25.78,1465522,0,65535,16.33,9242.12,6539.06,5646,1068,26733,150914.44,8156,0.69,-0.32,21.42,1451013,1028,65535,"positive"
"77","FITC_SME_Normalized_Composite_MkyFISH_SVZa_ctrl_slide150_GFAP-FITC_APLNR-Cy3_VIM-AF647_40x_Z_pos2.tif","0059","0","0","0","FITC",53.56,454.32,2310.07,0,0,21960,24334.87,0,6.42,45.41,6.41,233975,0,65535,3.02,7993.69,5960.72,1152,1152,21960,24110.42,6277,0.99,-0.07,5.63,231817,1028,65535,"negative"
"78","FITC_SME_Normalized_Composite_MkyFISH_SVZa_ctrl_slide150_GFAP-FITC_APLNR-Cy3_VIM-AF647_40x_Z_pos2.tif","0062","GFAP","APLNR","VIM","FITC",50.24,9985.45,10230.64,0,0,37412,501619.5,6270,0.69,-0.81,71.64,4822974,0,65535,34.53,14506.61,9317.74,25493,1245,37412,500914.34,13946,0.31,-1.02,68.74,4816194,1028,65535,"positive"
"79","FITC_SME_Normalized_Composite_MkyFISH_SVZa_ctrl_slide150_GFAP-FITC_APLNR-Cy3_VIM-AF647_40x_Z_pos2.tif","0066","GFAP","APLNR","VIM","FITC",78,2995.99,3929.61,0,0,17037,233701.03,484,1.35,1.31,52.27,2246990,0,65535,37.44,6197.89,3524.1,3838,1036,17037,232063.04,5342,1.07,0.84,48,2231241,1028,65535,"positive"
"80","FITC_SME_Normalized_Composite_MkyFISH_SVZa_ctrl_slide150_GFAP-FITC_APLNR-Cy3_VIM-AF647_40x_Z_pos2.tif","0073","0","APLNR","0","FITC",52,17.98,263.25,0,0,5181,935.12,0,17.26,315.25,0.8,8991,0,65535,0.21,3931,1767.77,2681,2681,5181,817.7,5181,0,-2,0.4,7862,1028,65535,"negative"
"81","FITC_SME_Normalized_Composite_MkyFISH_SVZa_ctrl_slide150_GFAP-FITC_APLNR-Cy3_VIM-AF647_40x_Z_pos2.tif","0078","0","APLNR","0","FITC",167.03,1362.17,3703.93,0,0,26370,227528.68,0,3.5,13.72,20.36,2187644,0,65535,30.37,7433.04,5515.89,4394,1033,26370,225740.19,5851,1.28,1.37,18.18,2170448,1028,65535,"negative"
"82","FITC_SME_Normalized_Composite_MkyFISH_SVZa_ctrl_slide150_GFAP-FITC_APLNR-Cy3_VIM-AF647_40x_Z_pos2.tif","0083","0","APLNR","0","FITC",131.67,254.01,1479.17,0,0,18075,33446.54,0,7.16,56.58,4.66,321582,0,65535,5.3,6217.53,4183.59,1033,1033,18075,32979.76,5079,0.79,-0.27,4.03,317094,1028,65535,"negative"
"83","FITC_SME_Normalized_Composite_MkyFISH_SVZa_ctrl_slide150_GFAP-FITC_APLNR-Cy3_VIM-AF647_40x_Z_pos2.tif","0091","GFAP","APLNR","VIM","FITC",52.11,550.48,1903.83,0,0,11412,28683.68,0,3.86,14.54,12.97,275788,0,65535,5.1,5488.45,3176.4,1057,1057,11412,27970.82,5791,0.21,-1.18,9.78,268934,1028,65535,"positive"
"84","FITC_SME_Normalized_Composite_MkyFISH_SVZa_ctrl_slide150_GFAP-FITC_APLNR-Cy3_VIM-AF647_40x_Z_pos2.tif","0097","0","0","0","FITC",42.33,331.75,1274.63,0,0,7055,14043.34,0,3.96,14.57,8.11,135024,0,65535,3.02,4596.76,1797.3,1422,1422,7055,13864.66,5111,-0.45,-1.09,7.13,133306,1028,65535,"negative"
"85","FITC_SME_Normalized_Composite_MkyFISH_SVZa_ctrl_slide150_GFAP-FITC_APLNR-Cy3_VIM-AF647_40x_Z_pos2.tif","0101","GFAP","0","0","FITC",38.9,352.83,1112.67,0,0,6424,13724.35,0,3.4,10.84,13.37,131957,0,65535,3.85,3381.89,1494.23,1413,1110,6424,13014.3,3622,0.01,-1.11,9.89,125130,1028,65535,"positive"
"86","FITC_SME_Normalized_Composite_MkyFISH_SVZa_ctrl_slide150_GFAP-FITC_APLNR-Cy3_VIM-AF647_40x_Z_pos2.tif","0104","0","APLNR","0","FITC",43.58,629.48,2714.38,0,0,28144,27431.86,0,6.15,45.85,10.26,263752,0,65535,3.64,7434.54,6205.32,1138,1138,28144,27063.37,5684,1.71,3,8.35,260209,1028,65535,"negative"
"87","FITC_SME_Normalized_Composite_MkyFISH_SVZa_ctrl_slide150_GFAP-FITC_APLNR-Cy3_VIM-AF647_40x_Z_pos2.tif","0109","GFAP","0","0","FITC",136.66,234.8,1087.05,0,0,11989,32088.32,0,6.22,44.26,8.83,308523,0,65535,7.8,3848.88,2599.79,1157,1043,11989,30023.07,3000,1.18,0.74,5.71,288666,1028,65535,"positive"
"88","FITC_SME_Normalized_Composite_MkyFISH_SVZa_ctrl_slide150_GFAP-FITC_APLNR-Cy3_VIM-AF647_40x_Z_pos2.tif","0113","GFAP","0","0","FITC",86.01,2255.05,5284.65,0,0,32305,193963.88,0,2.68,6.82,26.24,1864925,0,65535,20.39,9461.74,7060.21,1255,1050,32305,192879.72,7648,0.73,-0.31,23.7,1854501,1028,65535,"positive"
"89","FITC_SME_Normalized_Composite_MkyFISH_SVZa_ctrl_slide150_GFAP-FITC_APLNR-Cy3_VIM-AF647_40x_Z_pos2.tif","0116","GFAP","0","0","FITC",75.09,35.25,289.69,0,0,4115,2646.65,0,9.81,104.25,2.35,25447,0,65535,0.94,2443.89,860.16,2793,1392,4115,2287.62,2679,0.53,-0.41,1.25,21995,1028,65535,"positive"
"90","FITC_SME_Normalized_Composite_MkyFISH_SVZa_ctrl_slide150_GFAP-FITC_APLNR-Cy3_VIM-AF647_40x_Z_pos2.tif","0119","0","APLNR","VIM","FITC",111.49,59.12,331,0,0,3547,6591.19,0,6.99,54.5,4.85,63373,0,65535,2.81,1895.89,787.53,1082,1082,3547,5323.98,1676,0.86,-0.66,2.52,51189,1028,65535,"negative"
"91","FITC_SME_Normalized_Composite_MkyFISH_SVZa_ctrl_slide150_GFAP-FITC_APLNR-Cy3_VIM-AF647_40x_Z_pos2.tif","0121","GFAP","0","VIM","FITC",55.75,1713.11,4149.66,0,0,28149,95501.57,0,3.41,13.53,27.05,918229,0,65535,12.79,7377.57,5785.27,4508,1154,28149,94379.55,5551,1.72,2.78,22.95,907441,1028,65535,"positive"
"92","FITC_SME_Normalized_Composite_MkyFISH_SVZa_ctrl_slide150_GFAP-FITC_APLNR-Cy3_VIM-AF647_40x_Z_pos2.tif","0125","GFAP","0","VIM","FITC",63.65,2983.51,4434.57,0,0,18464,189905.97,0,1.34,0.75,42.16,1825909,0,65535,25.38,7456.54,4002.34,2597,1113,18464,189228.47,7045,0.44,-0.27,39.87,1819395,1028,65535,"positive"
"93","FITC_SME_Normalized_Composite_MkyFISH_SVZa_ctrl_slide150_GFAP-FITC_APLNR-Cy3_VIM-AF647_40x_Z_pos2.tif","0130","0","APLNR","0","FITC",53.88,21.4,228.38,0,0,4022,1152.91,0,13.28,201.22,1.16,11085,0,65535,0.52,2076.4,1134.7,1133,1133,4022,1079.79,1785,1.2,-0.12,0.97,10382,1028,65535,"negative"
"94","FITC_SME_Normalized_Composite_MkyFISH_SVZa_ctrl_slide150_GFAP-FITC_APLNR-Cy3_VIM-AF647_40x_Z_pos2.tif","0135","GFAP","APLNR","VIM","FITC",100.05,3984.76,6152.35,0,0,33886,398690.85,0,1.74,2.74,46.36,3833335,0,65535,43.06,9215.51,6316.54,9720,1036,33886,396807.09,8051,1.02,0.88,43.04,3815223,1028,65535,"positive"
"95","FITC_SME_Normalized_Composite_MkyFISH_SVZa_ctrl_slide150_GFAP-FITC_APLNR-Cy3_VIM-AF647_40x_Z_pos2.tif","0139","GFAP","APLNR","0","FITC",144.67,752.65,1989.69,0,0,14542,108887.9,0,3.47,14.08,20.42,1046936,0,65535,24.03,4406.84,2784.96,1664,1036,14542,105876.4,3733,1.54,2.5,16.61,1017981,1028,65535,"positive"
"96","FITC_SME_Normalized_Composite_MkyFISH_SVZa_ctrl_slide150_GFAP-FITC_APLNR-Cy3_VIM-AF647_40x_Z_pos2.tif","0141","GFAP","0","0","FITC",118.15,2581.39,5317.37,0,0,33141,304993.79,0,2.72,8.03,33.98,2932456,0,65535,35.88,8425.92,6636.1,4013,1047,33141,302340.17,6582,1.43,1.66,30.37,2906942,1028,65535,"positive"
"97","FITC_SME_Normalized_Composite_MkyFISH_SVZa_ctrl_slide150_GFAP-FITC_APLNR-Cy3_VIM-AF647_40x_Z_pos2.tif","0144","GFAP","0","0","FITC",68.64,1363.16,3554.12,0,0,24776,93572.67,0,3.25,11.82,20.91,899683,0,65535,12.69,7320.98,4986,1646,1050,24776,92894.13,6226,1.2,1.51,18.48,893159,1028,65535,"positive"
"98","FITC_SME_Normalized_Composite_MkyFISH_SVZa_ctrl_slide150_GFAP-FITC_APLNR-Cy3_VIM-AF647_40x_Z_pos2.tif","0148","GFAP","APLNR","0","FITC",161.31,109.9,549.87,0,0,6424,17727.87,0,6.63,50.51,7.61,170450,0,65535,6.14,2504.68,1337.67,1038,1038,6424,15369.63,2109,1.07,0.57,3.8,147776,1028,65535,"positive"
"99","FITC_SME_Normalized_Composite_MkyFISH_SVZa_ctrl_slide150_GFAP-FITC_APLNR-Cy3_VIM-AF647_40x_Z_pos2.tif","0153","GFAP","0","0","FITC",135.73,758.57,2185.76,0,0,16788,102959.75,0,3.41,12.15,16.7,989938,0,65535,19.55,5176.76,3213.17,1113,1033,16788,101222.02,4459,0.82,0.15,14.41,973230,1028,65535,"positive"
"100","FITC_SME_Normalized_Composite_MkyFISH_SVZa_ctrl_slide150_GFAP-FITC_APLNR-Cy3_VIM-AF647_40x_Z_pos2.tif","0158","GFAP","0","0","FITC",47.84,4403.24,4096.02,0,0,16681,210663.65,3794,0.53,-0.79,69.57,2025490,0,65535,32.35,6503.95,3342.1,1829,1129,16681,210376.28,6128,0.38,-0.54,67.61,2022727,1028,65535,"positive"
"101","FITC_SME_Normalized_Composite_MkyFISH_SVZa_ctrl_slide150_GFAP-FITC_APLNR-Cy3_VIM-AF647_40x_Z_pos2.tif","0162","GFAP","APLNR","0","FITC",63.55,120.25,661.73,0,0,6738,7641.55,0,7.13,56.43,5.07,73472,0,65535,2.39,2950.26,1803.42,1201,1201,6738,7057.45,2020,1.02,-0.48,3.76,67856,1028,65535,"positive"
"102","FITC_SME_Normalized_Composite_MkyFISH_SVZa_ctrl_slide150_GFAP-FITC_APLNR-Cy3_VIM-AF647_40x_Z_pos2.tif","0167","GFAP","0","0","FITC",137.7,698.45,1868.13,0,0,12571,96179.69,0,3.28,11.12,21.15,924749,0,65535,22.05,4185.93,2685.92,1625,1040,12571,92296.93,3461,0.92,-0.04,16.01,887417,1028,65535,"positive"
"103","FITC_SME_Normalized_Composite_MkyFISH_SVZa_ctrl_slide150_GFAP-FITC_APLNR-Cy3_VIM-AF647_40x_Z_pos2.tif","0172","GFAP","0","0","FITC",149.04,3869.56,8033.42,0,0,44406,576722.32,0,2.45,5.68,30.36,5545073,0,65535,43.68,13179.8,9880.97,5670,1043,44406,575728.23,9745,0.98,0.12,29.31,5535515,1028,65535,"positive"
"104","FITC_SME_Normalized_Composite_MkyFISH_SVZa_ctrl_slide150_GFAP-FITC_APLNR-Cy3_VIM-AF647_40x_Z_pos2.tif","0177","GFAP","0","0","FITC",147.38,142.75,936.05,0,0,12522,21037.76,0,9.03,91.3,5.29,202274,0,65535,4.89,4044.98,3273.28,1999,1050,12522,19773.05,2565,1.2,0.21,3.32,190114,1028,65535,"positive"
"105","FITC_SME_Normalized_Composite_MkyFISH_SVZa_ctrl_slide150_GFAP-FITC_APLNR-Cy3_VIM-AF647_40x_Z_pos2.tif","0183","GFAP","0","VIM","FITC",149.67,1783.33,4409.85,0,0,23968,266902.12,0,2.73,6.75,21.82,2566212,0,65535,29.23,9073.74,5792.49,1594,1071,23968,265187.06,8235,0.52,-0.87,19.53,2549722,1028,65535,"positive"
"106","FITC_SME_Normalized_Composite_MkyFISH_SVZa_ctrl_slide150_GFAP-FITC_APLNR-Cy3_VIM-AF647_40x_Z_pos2.tif","0184","GFAP","APLNR","0","FITC",73.64,4525.7,8074.54,0,0,54384,333256.66,0,2.21,5.21,41.24,3204198,0,65535,28.19,11774.73,9232.51,2386,1061,54384,331878.99,9287,1.21,1.6,38.28,3190952,1028,65535,"positive"
"107","FITC_SME_Normalized_Composite_MkyFISH_SVZa_ctrl_slide150_GFAP-FITC_APLNR-Cy3_VIM-AF647_40x_Z_pos2.tif","0191","GFAP","0","0","FITC",55.64,1825.04,4187.17,0,0,23636,101551.4,0,2.83,8.06,27.48,976397,0,65535,13.94,7256.75,5542.58,4539,1050,23636,101136.11,5358,1.12,0.35,25.05,972404,1028,65535,"positive"
"108","FITC_SME_Normalized_Composite_MkyFISH_SVZa_ctrl_slide150_GFAP-FITC_APLNR-Cy3_VIM-AF647_40x_Z_pos2.tif","0200","GFAP","0","0","FITC",91.53,3325.83,6134.45,0,0,36411,304398.46,0,2.12,4.28,36.36,2926732,0,65535,30.06,10072.26,6841.9,12422,1061,36411,302750.06,8251,0.97,0.63,32.84,2910883,1028,65535,"positive"
"109","FITC_SME_Normalized_Composite_MkyFISH_SVZa_ctrl_slide150_GFAP-FITC_APLNR-Cy3_VIM-AF647_40x_Z_pos2.tif","0202","0","0","0","FITC",111.6,879.81,2793.76,0,0,21883,98186.07,0,3.48,11.98,13.14,944040,0,65535,12.58,7703.94,4089.89,1140,1140,21883,96952.25,7676,0.28,-0.26,11.28,932177,1028,65535,"negative"
"110","FITC_SME_Normalized_Composite_MkyFISH_SVZa_ctrl_slide150_GFAP-FITC_APLNR-Cy3_VIM-AF647_40x_Z_pos2.tif","0208","0","APLNR","0","FITC",66.25,105.72,777.26,0,0,9294,7003.89,0,8.34,72.74,2.83,67341,0,65535,1.35,4936.77,2456.42,1140,1140,9294,6674.91,5642,-0.16,-0.85,2.04,64178,1028,65535,"negative"
"111","FITC_SME_Normalized_Composite_MkyFISH_SVZa_ctrl_slide150_GFAP-FITC_APLNR-Cy3_VIM-AF647_40x_Z_pos2.tif","0213","GFAP","0","0","FITC",84.14,367.82,1206.05,0,0,10125,30949.14,0,4.63,25.17,15.57,297570,0,65535,9.36,3089.6,2148.88,2088,1040,10125,28920.4,2465,1.62,2.01,11.12,278064,1028,65535,"positive"
"112","FITC_SME_Normalized_Composite_MkyFISH_SVZa_ctrl_slide150_GFAP-FITC_APLNR-Cy3_VIM-AF647_40x_Z_pos2.tif","0219","0","0","0","FITC",69.89,0,0,0,0,0,0,0,NA,NA,0,0,0,65535,0,NA,0,0,1028,0,NA,NA,NA,NA,0,NA,1028,65535,"negative"
"113","FITC_SME_Normalized_Composite_MkyFISH_SVZa_ctrl_slide150_GFAP-FITC_APLNR-Cy3_VIM-AF647_40x_Z_pos2.tif","0223","0","APLNR","VIM","FITC",67.19,41.76,226.37,0,0,2037,2805.88,0,6.1,38.75,4.49,26978,0,65535,1.25,1501.92,297.16,1057,1057,2037,1874.5,1566,0.13,-0.88,1.86,18023,1028,65535,"negative"
"114","FITC_SME_Normalized_Composite_MkyFISH_SVZa_ctrl_slide150_GFAP-FITC_APLNR-Cy3_VIM-AF647_40x_Z_pos2.tif","0228","0","0","0","FITC",43.79,0,0,0,0,0,0,0,NA,NA,0,0,0,65535,0,NA,0,0,1028,0,NA,NA,NA,NA,0,NA,1028,65535,"negative"
"115","FITC_SME_Normalized_Composite_MkyFISH_SVZa_ctrl_slide150_GFAP-FITC_APLNR-Cy3_VIM-AF647_40x_Z_pos2.tif","0232","GFAP","0","0","FITC",59.91,216.3,855.38,0,0,5879,12957.83,0,4.39,19.35,9.03,124587,0,65535,3.54,3391.94,1232.27,2604,1164,5879,11994.63,3291,0.24,-0.43,5.9,115326,1028,65535,"positive"
"116","FITC_SME_Normalized_Composite_MkyFISH_SVZa_ctrl_slide150_GFAP-FITC_APLNR-Cy3_VIM-AF647_40x_Z_pos2.tif","0236","GFAP","0","0","FITC",58.66,2560.06,6009.21,0,0,31046,150171.94,0,2.58,5.96,23.05,1443874,0,65535,12.9,11625.75,7685.65,3035,1248,31046,149934.7,9852,0.57,-0.7,21.99,1441593,1028,65535,"positive"
"117","FITC_SME_Normalized_Composite_MkyFISH_SVZa_ctrl_slide150_GFAP-FITC_APLNR-Cy3_VIM-AF647_40x_Z_pos2.tif","0242","GFAP","0","0","FITC",123.56,1844.96,3779.99,0,0,24690,227962.28,0,2.31,5.21,31.82,2191813,0,65535,32.14,6986.9,4376.23,1117,1078,24690,224544.63,6498,0.8,0.6,26.01,2158953,1028,65535,"positive"
"118","FITC_SME_Normalized_Composite_MkyFISH_SVZa_ctrl_slide150_GFAP-FITC_APLNR-Cy3_VIM-AF647_40x_Z_pos2.tif","0248","GFAP","0","0","FITC",140.1,644.95,1918.82,0,0,12375,90355.65,0,3.37,11.37,14.7,868752,0,65535,17.99,4948.77,2718.03,1136,1078,12375,89043.71,4294,0.63,-0.45,12.84,856138,1028,65535,"positive"
"119","FITC_SME_Normalized_Composite_MkyFISH_SVZa_ctrl_slide150_GFAP-FITC_APLNR-Cy3_VIM-AF647_40x_Z_pos2.tif","0255","GFAP","APLNR","0","FITC",89.45,987.89,2248.71,0,0,17984,88362.16,0,3.21,12.62,29.53,849585,0,65535,20.18,4235.01,2954.63,1147,1064,17984,85450.71,3398,1.8,3.71,22.56,821592,1028,65535,"positive"
"120","FITC_SME_Normalized_Composite_MkyFISH_SVZa_ctrl_slide150_GFAP-FITC_APLNR-Cy3_VIM-AF647_40x_Z_pos2.tif","0260","GFAP","APLNR","0","FITC",72.18,765.39,2378.16,0,0,22020,55245.84,0,4.69,26.82,20.32,531178,0,65535,10.92,4885.15,4169.99,5383,1106,22020,53349.08,3238,1.9,3.74,15.13,512941,1028,65535,"positive"
"121","FITC_SME_Normalized_Composite_MkyFISH_SVZa_ctrl_slide150_GFAP-FITC_APLNR-Cy3_VIM-AF647_40x_Z_pos2.tif","0266","GFAP","0","0","FITC",79.56,308.65,1187.98,0,0,9038,24557.54,0,4.71,24.03,10.2,236116,0,65535,6.24,3809.98,2162.28,2351,1033,9038,23775.73,3161,0.98,-0.11,7.84,228599,1028,65535,"positive"
"122","FITC_SME_Normalized_Composite_MkyFISH_SVZa_ctrl_slide150_GFAP-FITC_APLNR-Cy3_VIM-AF647_40x_Z_pos2.tif","0270","GFAP","0","0","FITC",56.27,1375.18,2943.15,0,0,14454,77377.96,0,2.24,4.12,26.43,743974,0,65535,12.58,6040.74,3260.22,5251,1057,14454,76021.3,5923,0.42,-0.76,22.37,730930,1028,65535,"positive"
"123","FITC_SME_Normalized_Composite_MkyFISH_SVZa_ctrl_slide150_GFAP-FITC_APLNR-Cy3_VIM-AF647_40x_Z_pos2.tif","0275","GFAP","0","0","FITC",58.97,112.46,534.97,0,0,5239,6631.75,0,5.61,34.86,6,63763,0,65535,2.6,2388.36,1003.13,2074,1106,5239,6210.11,2104,1.1,0.93,4.41,59709,1028,65535,"positive"
"124","FITC_SME_Normalized_Composite_MkyFISH_SVZa_ctrl_slide150_GFAP-FITC_APLNR-Cy3_VIM-AF647_40x_Z_pos2.tif","0279","GFAP","0","0","FITC",56.16,657.48,1865.94,0,0,9922,36926.07,0,3.02,8.31,14.63,355037,0,65535,7.7,4752.91,2443.22,1031,1031,9922,36580.56,4920,0.24,-1.12,13.7,351715,1028,65535,"positive"
"125","FITC_SME_Normalized_Composite_MkyFISH_SVZa_ctrl_slide150_GFAP-FITC_APLNR-Cy3_VIM-AF647_40x_Z_pos2.tif","0284","GFAP","0","0","FITC",73.64,1619.92,3722.54,0,0,25332,119284.89,0,2.99,10.15,27.4,1146901,0,65535,17.79,6641.6,4914.14,2486,1082,25332,118121.37,5393,1.38,1.98,24.15,1135714,1028,65535,"positive"
"126","FITC_SME_Normalized_Composite_MkyFISH_SVZa_ctrl_slide150_GFAP-FITC_APLNR-Cy3_VIM-AF647_40x_Z_pos2.tif","0288","GFAP","0","0","FITC",107.75,417.44,1470.4,0,0,14512,44979.9,0,4.84,28.2,14.67,432473,0,65535,10.3,4094.14,2747.29,4327,1071,14512,42155.82,3452,1.44,2.43,9.56,405320,1028,65535,"positive"
"127","FITC_SME_Normalized_Composite_MkyFISH_SVZa_ctrl_slide150_GFAP-FITC_APLNR-Cy3_VIM-AF647_40x_Z_pos2.tif","0293","GFAP","0","0","FITC",141.55,131.9,735.37,0,0,7955,18671.41,0,6.66,47.77,5.58,179522,0,65535,4.78,3627.41,1800.16,1075,1075,7955,17354.59,3684,0.42,-0.6,3.38,166861,1028,65535,"positive"
"128","FITC_SME_Normalized_Composite_MkyFISH_SVZa_ctrl_slide150_GFAP-FITC_APLNR-Cy3_VIM-AF647_40x_Z_pos2.tif","0300","GFAP","0","0","FITC",112.85,241.13,1105.6,0,0,11312,27211.05,0,5.78,36.93,8.39,261629,0,65535,6.03,4210.21,2473.23,1082,1082,11312,25397.5,3740,0.82,-0.08,5.35,244192,1028,65535,"positive"
"129","FITC_SME_Normalized_Composite_MkyFISH_SVZa_ctrl_slide150_GFAP-FITC_APLNR-Cy3_VIM-AF647_40x_Z_pos2.tif","0302","GFAP","APLNR","0","FITC",118.98,371.79,1222.19,0,0,10793,44237.19,0,4.05,17.95,14.16,425332,0,65535,11.65,3566.51,1952.85,4757,1054,10793,41545.2,3107,0.95,0.63,9.79,399449,1028,65535,"positive"
"130","FITC_SME_Normalized_Composite_MkyFISH_SVZa_ctrl_slide150_GFAP-FITC_APLNR-Cy3_VIM-AF647_40x_Z_pos2.tif","0309","GFAP","0","0","FITC",104.84,925.36,2444.02,0,0,12866,97012.67,0,2.94,8.04,19.44,932758,0,65535,16.95,5609.8,3273.13,1659,1071,12866,95103.01,4944,0.47,-0.93,16.17,914397,1028,65535,"positive"
"131","AF647_SME_Normalized_Composite_MkyFISH_SVZa_ctrl_slide150_GFAP-FITC_APLNR-Cy3_VIM-AF647_40x_Z_pos2.tif","0005","GFAP","APLNR","VIM","AF647",170.05,214.01,790.84,0,0,7475,36392.42,0,4.59,23.72,11.62,349906,0,65535,9.67,3127.34,1207.9,2730,1562,7475,30249.49,2937,1.36,1.91,5.69,290843,1542,65535,"positive"
"132","AF647_SME_Normalized_Composite_MkyFISH_SVZa_ctrl_slide150_GFAP-FITC_APLNR-Cy3_VIM-AF647_40x_Z_pos2.tif","0010","0","0","0","AF647",95.89,258.28,1241.96,0,0,12219,24767.64,0,6.06,40.78,7.38,238136,0,65535,4.37,5191.02,2825.83,1768,1768,12219,22675.76,4380,0.88,-0.15,4.56,218023,1542,65535,"negative"
"133","AF647_SME_Normalized_Composite_MkyFISH_SVZa_ctrl_slide150_GFAP-FITC_APLNR-Cy3_VIM-AF647_40x_Z_pos2.tif","0013","GFAP","0","0","AF647",56.16,409.79,1388.94,0,0,8506,23015.23,0,4.07,16.67,15.19,221287,0,65535,4.26,4684.15,2246.43,1699,1562,8506,19974.4,4174,0.23,-1.23,7.59,192050,1542,65535,"negative"
"134","AF647_SME_Normalized_Composite_MkyFISH_SVZa_ctrl_slide150_GFAP-FITC_APLNR-Cy3_VIM-AF647_40x_Z_pos2.tif","0020","GFAP","APLNR","0","AF647",158.71,424.68,1314.76,0,0,13594,67402.19,0,4.77,29.85,17.3,648059,0,65535,17.27,3511.17,2207.11,1631,1562,13594,60620.57,2937,2.42,6.15,10.88,582855,1542,65535,"negative"
"135","AF647_SME_Normalized_Composite_MkyFISH_SVZa_ctrl_slide150_GFAP-FITC_APLNR-Cy3_VIM-AF647_40x_Z_pos2.tif","0025","GFAP","0","0","AF647",129.28,1.79,39.69,0,0,1286,231.21,0,28.87,897.86,0.4,2223,0,65535,0,NA,0,0,2593,1286,NA,NA,NA,NA,0,NA,1542,65535,"negative"
"136","AF647_SME_Normalized_Composite_MkyFISH_SVZa_ctrl_slide150_GFAP-FITC_APLNR-Cy3_VIM-AF647_40x_Z_pos2.tif","0032","0","APLNR","VIM","AF647",125.33,12045.87,14283.73,0,0,43281,1509679.61,5549,0.86,-0.71,58.17,14515276,0,65535,70.31,21440.49,12749.28,39912,1562,43281,1507443.27,19576,0.19,-1.32,56.1,14493774,1542,65535,"positive"
"137","AF647_SME_Normalized_Composite_MkyFISH_SVZa_ctrl_slide150_GFAP-FITC_APLNR-Cy3_VIM-AF647_40x_Z_pos2.tif","0033","0","APLNR","VIM","AF647",103.38,6755.91,13066.63,0,0,50776,698441.06,0,2.18,3.67,39.44,6715375,0,65535,37.13,18733.79,15863.76,2868,1562,50776,695589.93,12494,0.83,-0.75,35.92,6687962,1542,65535,"positive"
"138","AF647_SME_Normalized_Composite_MkyFISH_SVZa_ctrl_slide150_GFAP-FITC_APLNR-Cy3_VIM-AF647_40x_Z_pos2.tif","0034","GFAP","0","VIM","AF647",54.81,1181.48,2732.49,0,0,17788,64758.46,0,3.11,11.11,27.89,622640,0,65535,11.34,5462.72,3580.56,2593,1561,17788,61929.07,4449,1.55,2.26,20.68,595436,1542,65535,"positive"
"139","AF647_SME_Normalized_Composite_MkyFISH_SVZa_ctrl_slide150_GFAP-FITC_APLNR-Cy3_VIM-AF647_40x_Z_pos2.tif","0038","0","0","0","AF647",52.73,356.07,1530.7,0,0,11265,18775.94,0,4.86,24.1,8.09,180527,0,65535,3.02,5949.83,2773.81,3702,1639,11265,17945.76,6383,0.22,-0.91,5.72,172545,1542,65535,"negative"
"140","AF647_SME_Normalized_Composite_MkyFISH_SVZa_ctrl_slide150_GFAP-FITC_APLNR-Cy3_VIM-AF647_40x_Z_pos2.tif","0043","GFAP","0","0","AF647",72.28,47.23,323.03,0,0,3768,3414.32,0,7.93,68.24,2.88,32828,0,65535,1.04,2468.2,719.65,2737,1567,3768,2567.08,2531,0.54,-0.8,1.44,24682,1542,65535,"negative"
"141","AF647_SME_Normalized_Composite_MkyFISH_SVZa_ctrl_slide150_GFAP-FITC_APLNR-Cy3_VIM-AF647_40x_Z_pos2.tif","0047","0","0","VIM","AF647",61.26,5467.01,8871.85,0,0,40823,334907.55,0,1.73,2.36,41.6,3220071,0,65535,23.71,14072.4,9081.86,16139,1562,40823,333704.82,12839,0.81,0.18,38.71,3208507,1542,65535,"positive"
"142","AF647_SME_Normalized_Composite_MkyFISH_SVZa_ctrl_slide150_GFAP-FITC_APLNR-Cy3_VIM-AF647_40x_Z_pos2.tif","0050","GFAP","0","0","AF647",124.7,287.78,1140.52,0,0,7897,35887.78,0,4.62,21.63,11.01,345054,0,65535,7.28,4419.4,1930.79,1777,1777,7897,32175.17,4390,0.2,-1.41,5.84,309358,1542,65535,"negative"
"143","AF647_SME_Normalized_Composite_MkyFISH_SVZa_ctrl_slide150_GFAP-FITC_APLNR-Cy3_VIM-AF647_40x_Z_pos2.tif","0055","GFAP","APLNR","VIM","AF647",76.24,269.44,847.7,0,0,5687,20541.13,0,3.67,14.01,14.32,197499,0,65535,5.93,2906.49,1090.57,1699,1562,5687,17230.72,2799,0.84,-0.03,7.78,165670,1542,65535,"positive"
"144","AF647_SME_Normalized_Composite_MkyFISH_SVZa_ctrl_slide150_GFAP-FITC_APLNR-Cy3_VIM-AF647_40x_Z_pos2.tif","0059","0","0","0","AF647",53.56,148.02,631.75,0,0,5251,7928.4,0,4.9,25.27,7.18,76230,0,65535,2.18,2960.14,929.15,2639,1653,5251,6465.34,2708,0.68,-0.07,4.08,62163,1542,65535,"negative"
"145","AF647_SME_Normalized_Composite_MkyFISH_SVZa_ctrl_slide150_GFAP-FITC_APLNR-Cy3_VIM-AF647_40x_Z_pos2.tif","0062","GFAP","APLNR","VIM","AF647",50.24,671.86,1447.61,0,0,11027,33750.66,0,2.86,10.1,29.4,324506,0,65535,8.11,3503.58,1682.98,1744,1607,11027,28422.73,3258,1.78,4.79,16.15,273279,1542,65535,"positive"
"146","AF647_SME_Normalized_Composite_MkyFISH_SVZa_ctrl_slide150_GFAP-FITC_APLNR-Cy3_VIM-AF647_40x_Z_pos2.tif","0066","GFAP","APLNR","VIM","AF647",78,518.17,1075.08,0,0,5801,40419.43,0,2.28,4.58,27.73,388625,0,65535,10.92,2892.77,975.65,1813,1607,5801,31590.97,2708,0.63,-0.38,14,303741,1542,65535,"positive"
"147","AF647_SME_Normalized_Composite_MkyFISH_SVZa_ctrl_slide150_GFAP-FITC_APLNR-Cy3_VIM-AF647_40x_Z_pos2.tif","0073","0","APLNR","0","AF647",52,529.4,1504.25,0,0,9847,27530.67,0,3.41,12.1,18,264702,0,65535,6.14,4134.58,2035.75,1905,1562,9847,25371.29,3419,0.97,0.03,11.8,243940,1542,65535,"negative"
"148","AF647_SME_Normalized_Composite_MkyFISH_SVZa_ctrl_slide150_GFAP-FITC_APLNR-Cy3_VIM-AF647_40x_Z_pos2.tif","0078","0","APLNR","0","AF647",167.03,0,0,0,0,0,0,0,NA,NA,0,0,0,65535,0,NA,0,0,1542,0,NA,NA,NA,NA,0,NA,1542,65535,"negative"
"149","AF647_SME_Normalized_Composite_MkyFISH_SVZa_ctrl_slide150_GFAP-FITC_APLNR-Cy3_VIM-AF647_40x_Z_pos2.tif","0083","0","APLNR","0","AF647",131.67,60.95,355.2,0,0,4243,8025.23,0,7.1,56.05,4.5,77161,0,65535,2.29,2449,711.46,2043,1561,4243,5603.65,2249,0.99,0.26,1.74,53878,1542,65535,"negative"
"150","AF647_SME_Normalized_Composite_MkyFISH_SVZa_ctrl_slide150_GFAP-FITC_APLNR-Cy3_VIM-AF647_40x_Z_pos2.tif","0091","GFAP","APLNR","VIM","AF647",52.11,445.44,1007.01,0,0,5618,23210.45,0,2.61,6.84,24.95,223164,0,65535,6.86,2733.42,1030.11,1768,1561,5618,18763.35,2455,1.2,0.76,13.17,180406,1542,65535,"positive"
"151","AF647_SME_Normalized_Composite_MkyFISH_SVZa_ctrl_slide150_GFAP-FITC_APLNR-Cy3_VIM-AF647_40x_Z_pos2.tif","0097","0","0","0","AF647",42.33,0,0,0,0,0,0,0,NA,NA,0,0,0,65535,0,NA,0,0,1542,0,NA,NA,NA,NA,0,NA,1542,65535,"negative"
"152","AF647_SME_Normalized_Composite_MkyFISH_SVZa_ctrl_slide150_GFAP-FITC_APLNR-Cy3_VIM-AF647_40x_Z_pos2.tif","0101","GFAP","0","0","AF647",38.9,93.46,474.4,0,0,4243,3635.54,0,6.24,42.32,6.15,34955,0,65535,0.83,2907.12,984.45,1837,1837,4243,2418.87,3418,0.11,-1.72,2.14,23257,1542,65535,"negative"
"153","AF647_SME_Normalized_Composite_MkyFISH_SVZa_ctrl_slide150_GFAP-FITC_APLNR-Cy3_VIM-AF647_40x_Z_pos2.tif","0104","0","APLNR","0","AF647",43.58,44.6,213.48,0,0,1925,1943.67,0,5.66,34.58,5.97,18688,0,65535,0.21,1770,219.2,1615,1615,1925,368.18,1925,0,-2,0.48,3540,1542,65535,"negative"
"154","AF647_SME_Normalized_Composite_MkyFISH_SVZa_ctrl_slide150_GFAP-FITC_APLNR-Cy3_VIM-AF647_40x_Z_pos2.tif","0109","GFAP","0","0","AF647",136.66,4.94,92.31,0,0,2340,675.62,0,20.93,464.53,0.38,6496,0,65535,0.21,2111,323.85,1882,1882,2340,439.11,2340,0,-2,0.15,4222,1542,65535,"negative"
"155","AF647_SME_Normalized_Composite_MkyFISH_SVZa_ctrl_slide150_GFAP-FITC_APLNR-Cy3_VIM-AF647_40x_Z_pos2.tif","0113","GFAP","0","0","AF647",86.01,0,0,0,0,0,0,0,NA,NA,0,0,0,65535,0,NA,0,0,1542,0,NA,NA,NA,NA,0,NA,1542,65535,"negative"
"156","AF647_SME_Normalized_Composite_MkyFISH_SVZa_ctrl_slide150_GFAP-FITC_APLNR-Cy3_VIM-AF647_40x_Z_pos2.tif","0116","GFAP","0","0","AF647",75.09,0,0,0,0,0,0,0,NA,NA,0,0,0,65535,0,NA,0,0,1542,0,NA,NA,NA,NA,0,NA,1542,65535,"negative"
"157","AF647_SME_Normalized_Composite_MkyFISH_SVZa_ctrl_slide150_GFAP-FITC_APLNR-Cy3_VIM-AF647_40x_Z_pos2.tif","0119","0","APLNR","VIM","AF647",111.49,1344.43,2912.89,0,0,16207,149896.74,0,2.34,4.79,26.59,1441228,0,65535,23.82,6131.13,3232.21,4449,1561,16207,146027.71,6030,0.58,-0.38,21.36,1404028,1542,65535,"positive"
"158","AF647_SME_Normalized_Composite_MkyFISH_SVZa_ctrl_slide150_GFAP-FITC_APLNR-Cy3_VIM-AF647_40x_Z_pos2.tif","0121","GFAP","0","VIM","AF647",55.75,3495.41,7656.09,0,0,42439,194860.1,0,2.65,6.92,33.21,1873542,0,65535,15.39,12535.72,9977.21,1665,1596,42439,192961.36,10191,1,0.25,27.61,1855286,1542,65535,"positive"
"159","AF647_SME_Normalized_Composite_MkyFISH_SVZa_ctrl_slide150_GFAP-FITC_APLNR-Cy3_VIM-AF647_40x_Z_pos2.tif","0125","GFAP","0","VIM","AF647",63.65,5951.62,13964.95,0,0,64082,378831.58,0,2.81,7.37,35.46,3642392,0,65535,17.99,20874.28,19502.99,64082,1596,64082,375592.62,13354,0.99,-0.23,28.27,3611250,1542,65535,"positive"
"160","AF647_SME_Normalized_Composite_MkyFISH_SVZa_ctrl_slide150_GFAP-FITC_APLNR-Cy3_VIM-AF647_40x_Z_pos2.tif","0130","0","APLNR","0","AF647",53.88,1.41,26.16,0,0,575,76.03,0,20.8,446.97,0.39,731,0,65535,0,NA,0,0,3143,575,NA,NA,NA,NA,0,NA,1542,65535,"negative"
"161","AF647_SME_Normalized_Composite_MkyFISH_SVZa_ctrl_slide150_GFAP-FITC_APLNR-Cy3_VIM-AF647_40x_Z_pos2.tif","0135","GFAP","APLNR","VIM","AF647",100.05,2753.03,5549.99,0,0,32676,275451.85,0,2.54,6.6,35.76,2648416,0,65535,29.43,9212.77,6745.92,2353,1596,32676,271166.69,6684,1.21,0.93,29.42,2607215,1542,65535,"positive"
"162","AF647_SME_Normalized_Composite_MkyFISH_SVZa_ctrl_slide150_GFAP-FITC_APLNR-Cy3_VIM-AF647_40x_Z_pos2.tif","0139","GFAP","APLNR","0","AF647",144.67,11.31,179.71,0,0,3983,1635.71,0,18.19,350.51,0.72,15727,0,65535,0.52,2854.8,948.98,1782,1782,3983,1484.59,2538,0.19,-1.61,0.36,14274,1542,65535,"negative"
"163","AF647_SME_Normalized_Composite_MkyFISH_SVZa_ctrl_slide150_GFAP-FITC_APLNR-Cy3_VIM-AF647_40x_Z_pos2.tif","0141","GFAP","0","0","AF647",118.15,0.91,23.5,0,0,760,107.54,0,30.41,963.64,0.26,1034,0,65535,0,NA,0,0,1542,760,NA,NA,NA,NA,0,NA,1542,65535,"negative"
"164","AF647_SME_Normalized_Composite_MkyFISH_SVZa_ctrl_slide150_GFAP-FITC_APLNR-Cy3_VIM-AF647_40x_Z_pos2.tif","0144","GFAP","0","0","AF647",68.64,0,0,0,0,0,0,0,NA,NA,0,0,0,65535,0,NA,0,0,1542,0,NA,NA,NA,NA,0,NA,1542,65535,"negative"
"165","AF647_SME_Normalized_Composite_MkyFISH_SVZa_ctrl_slide150_GFAP-FITC_APLNR-Cy3_VIM-AF647_40x_Z_pos2.tif","0148","GFAP","APLNR","0","AF647",161.31,62.91,472.04,0,0,5261,10148.2,0,8.12,67.43,2.26,97573,0,65535,2.6,3600,914.68,3199,1823,5261,9360.56,3680,-0.19,-0.75,1.61,90000,1542,65535,"negative"
"166","AF647_SME_Normalized_Composite_MkyFISH_SVZa_ctrl_slide150_GFAP-FITC_APLNR-Cy3_VIM-AF647_40x_Z_pos2.tif","0153","GFAP","0","0","AF647",135.73,0,0,0,0,0,0,0,NA,NA,0,0,0,65535,0,NA,0,0,1542,0,NA,NA,NA,NA,0,NA,1542,65535,"negative"
"167","AF647_SME_Normalized_Composite_MkyFISH_SVZa_ctrl_slide150_GFAP-FITC_APLNR-Cy3_VIM-AF647_40x_Z_pos2.tif","0158","GFAP","0","0","AF647",47.84,0,0,0,0,0,0,0,NA,NA,0,0,0,65535,0,NA,0,0,1542,0,NA,NA,NA,NA,0,NA,1542,65535,"negative"
"168","AF647_SME_Normalized_Composite_MkyFISH_SVZa_ctrl_slide150_GFAP-FITC_APLNR-Cy3_VIM-AF647_40x_Z_pos2.tif","0162","GFAP","APLNR","0","AF647",63.55,0,0,0,0,0,0,0,NA,NA,0,0,0,65535,0,NA,0,0,1542,0,NA,NA,NA,NA,0,NA,1542,65535,"negative"
"169","AF647_SME_Normalized_Composite_MkyFISH_SVZa_ctrl_slide150_GFAP-FITC_APLNR-Cy3_VIM-AF647_40x_Z_pos2.tif","0167","GFAP","0","0","AF647",137.7,0,0,0,0,0,0,0,NA,NA,0,0,0,65535,0,NA,0,0,1542,0,NA,NA,NA,NA,0,NA,1542,65535,"negative"
"170","AF647_SME_Normalized_Composite_MkyFISH_SVZa_ctrl_slide150_GFAP-FITC_APLNR-Cy3_VIM-AF647_40x_Z_pos2.tif","0172","GFAP","0","0","AF647",149.04,0,0,0,0,0,0,0,NA,NA,0,0,0,65535,0,NA,0,0,1542,0,NA,NA,NA,NA,0,NA,1542,65535,"negative"
"171","AF647_SME_Normalized_Composite_MkyFISH_SVZa_ctrl_slide150_GFAP-FITC_APLNR-Cy3_VIM-AF647_40x_Z_pos2.tif","0177","GFAP","0","0","AF647",147.38,0,0,0,0,0,0,0,NA,NA,0,0,0,65535,0,NA,0,0,1542,0,NA,NA,NA,NA,0,NA,1542,65535,"negative"
"172","AF647_SME_Normalized_Composite_MkyFISH_SVZa_ctrl_slide150_GFAP-FITC_APLNR-Cy3_VIM-AF647_40x_Z_pos2.tif","0183","GFAP","0","VIM","AF647",149.67,384.43,2446.3,0,0,29699,57536.06,0,8.33,76.41,5.7,553198,0,65535,5.72,9663.13,8233.09,1542,1542,29699,55276.42,6768,0.99,-0.15,3.82,531472,1542,65535,"positive"
"173","AF647_SME_Normalized_Composite_MkyFISH_SVZa_ctrl_slide150_GFAP-FITC_APLNR-Cy3_VIM-AF647_40x_Z_pos2.tif","0184","GFAP","APLNR","0","AF647",73.64,0,0,0,0,0,0,0,NA,NA,0,0,0,65535,0,NA,0,0,1542,0,NA,NA,NA,NA,0,NA,1542,65535,"negative"
"174","AF647_SME_Normalized_Composite_MkyFISH_SVZa_ctrl_slide150_GFAP-FITC_APLNR-Cy3_VIM-AF647_40x_Z_pos2.tif","0191","GFAP","0","0","AF647",55.64,0,0,0,0,0,0,0,NA,NA,0,0,0,65535,0,NA,0,0,1542,0,NA,NA,NA,NA,0,NA,1542,65535,"negative"
"175","AF647_SME_Normalized_Composite_MkyFISH_SVZa_ctrl_slide150_GFAP-FITC_APLNR-Cy3_VIM-AF647_40x_Z_pos2.tif","0200","GFAP","0","0","AF647",91.53,0,0,0,0,0,0,0,NA,NA,0,0,0,65535,0,NA,0,0,1542,0,NA,NA,NA,NA,0,NA,1542,65535,"negative"
"176","AF647_SME_Normalized_Composite_MkyFISH_SVZa_ctrl_slide150_GFAP-FITC_APLNR-Cy3_VIM-AF647_40x_Z_pos2.tif","0202","0","0","0","AF647",111.6,0,0,0,0,0,0,0,NA,NA,0,0,0,65535,0,NA,0,0,1542,0,NA,NA,NA,NA,0,NA,1542,65535,"negative"
"177","AF647_SME_Normalized_Composite_MkyFISH_SVZa_ctrl_slide150_GFAP-FITC_APLNR-Cy3_VIM-AF647_40x_Z_pos2.tif","0208","0","APLNR","0","AF647",66.25,27.31,151.27,0,0,1626,1809.4,0,6.82,51.52,4.87,17397,0,65535,0.1,1626,0,1626,1626,1626,169.11,1626,NA,NA,0.16,1626,1542,65535,"negative"
"178","AF647_SME_Normalized_Composite_MkyFISH_SVZa_ctrl_slide150_GFAP-FITC_APLNR-Cy3_VIM-AF647_40x_Z_pos2.tif","0213","GFAP","0","0","AF647",84.14,0,0,0,0,0,0,0,NA,NA,0,0,0,65535,0,NA,0,0,1542,0,NA,NA,NA,NA,0,NA,1542,65535,"negative"
"179","AF647_SME_Normalized_Composite_MkyFISH_SVZa_ctrl_slide150_GFAP-FITC_APLNR-Cy3_VIM-AF647_40x_Z_pos2.tif","0219","0","0","0","AF647",69.89,0,0,0,0,0,0,0,NA,NA,0,0,0,65535,0,NA,0,0,1542,0,NA,NA,NA,NA,0,NA,1542,65535,"negative"
"180","AF647_SME_Normalized_Composite_MkyFISH_SVZa_ctrl_slide150_GFAP-FITC_APLNR-Cy3_VIM-AF647_40x_Z_pos2.tif","0223","0","APLNR","VIM","AF647",67.19,642.1,2338.32,0,0,19961,43141.38,0,4.7,25.48,12.23,414796,0,65535,6.34,6612.15,4312.35,1671,1671,19961,41949.99,6003,1.24,1.44,9.44,403341,1542,65535,"positive"
"181","AF647_SME_Normalized_Composite_MkyFISH_SVZa_ctrl_slide150_GFAP-FITC_APLNR-Cy3_VIM-AF647_40x_Z_pos2.tif","0228","0","0","0","AF647",43.79,0,0,0,0,0,0,0,NA,NA,0,0,0,65535,0,NA,0,0,1542,0,NA,NA,NA,NA,0,NA,1542,65535,"negative"
"182","AF647_SME_Normalized_Composite_MkyFISH_SVZa_ctrl_slide150_GFAP-FITC_APLNR-Cy3_VIM-AF647_40x_Z_pos2.tif","0232","GFAP","0","0","AF647",59.91,0,0,0,0,0,0,0,NA,NA,0,0,0,65535,0,NA,0,0,1542,0,NA,NA,NA,NA,0,NA,1542,65535,"negative"
"183","AF647_SME_Normalized_Composite_MkyFISH_SVZa_ctrl_slide150_GFAP-FITC_APLNR-Cy3_VIM-AF647_40x_Z_pos2.tif","0236","GFAP","0","0","AF647",58.66,0,0,0,0,0,0,0,NA,NA,0,0,0,65535,0,NA,0,0,1542,0,NA,NA,NA,NA,0,NA,1542,65535,"negative"
"184","AF647_SME_Normalized_Composite_MkyFISH_SVZa_ctrl_slide150_GFAP-FITC_APLNR-Cy3_VIM-AF647_40x_Z_pos2.tif","0242","GFAP","0","0","AF647",123.56,0,0,0,0,0,0,0,NA,NA,0,0,0,65535,0,NA,0,0,1542,0,NA,NA,NA,NA,0,NA,1542,65535,"negative"
"185","AF647_SME_Normalized_Composite_MkyFISH_SVZa_ctrl_slide150_GFAP-FITC_APLNR-Cy3_VIM-AF647_40x_Z_pos2.tif","0248","GFAP","0","0","AF647",140.1,0,0,0,0,0,0,0,NA,NA,0,0,0,65535,0,NA,0,0,1542,0,NA,NA,NA,NA,0,NA,1542,65535,"negative"
"186","AF647_SME_Normalized_Composite_MkyFISH_SVZa_ctrl_slide150_GFAP-FITC_APLNR-Cy3_VIM-AF647_40x_Z_pos2.tif","0255","GFAP","APLNR","0","AF647",89.45,0,0,0,0,0,0,0,NA,NA,0,0,0,65535,0,NA,0,0,1542,0,NA,NA,NA,NA,0,NA,1542,65535,"negative"
"187","AF647_SME_Normalized_Composite_MkyFISH_SVZa_ctrl_slide150_GFAP-FITC_APLNR-Cy3_VIM-AF647_40x_Z_pos2.tif","0260","GFAP","APLNR","0","AF647",72.18,0,0,0,0,0,0,0,NA,NA,0,0,0,65535,0,NA,0,0,1542,0,NA,NA,NA,NA,0,NA,1542,65535,"negative"
"188","AF647_SME_Normalized_Composite_MkyFISH_SVZa_ctrl_slide150_GFAP-FITC_APLNR-Cy3_VIM-AF647_40x_Z_pos2.tif","0266","GFAP","0","0","AF647",79.56,5.31,69.64,0,0,1443,422.16,0,16.09,285.85,1.05,4059,0,65535,0,NA,0,0,1603,1443,NA,NA,NA,NA,0,NA,1542,65535,"negative"
"189","AF647_SME_Normalized_Composite_MkyFISH_SVZa_ctrl_slide150_GFAP-FITC_APLNR-Cy3_VIM-AF647_40x_Z_pos2.tif","0270","GFAP","0","0","AF647",56.27,0,0,0,0,0,0,0,NA,NA,0,0,0,65535,0,NA,0,0,1542,0,NA,NA,NA,NA,0,NA,1542,65535,"negative"
"190","AF647_SME_Normalized_Composite_MkyFISH_SVZa_ctrl_slide150_GFAP-FITC_APLNR-Cy3_VIM-AF647_40x_Z_pos2.tif","0275","GFAP","0","0","AF647",58.97,0,0,0,0,0,0,0,NA,NA,0,0,0,65535,0,NA,0,0,1542,0,NA,NA,NA,NA,0,NA,1542,65535,"negative"
"191","AF647_SME_Normalized_Composite_MkyFISH_SVZa_ctrl_slide150_GFAP-FITC_APLNR-Cy3_VIM-AF647_40x_Z_pos2.tif","0279","GFAP","0","0","AF647",56.16,0,0,0,0,0,0,0,NA,NA,0,0,0,65535,0,NA,0,0,1542,0,NA,NA,NA,NA,0,NA,1542,65535,"negative"
"192","AF647_SME_Normalized_Composite_MkyFISH_SVZa_ctrl_slide150_GFAP-FITC_APLNR-Cy3_VIM-AF647_40x_Z_pos2.tif","0284","GFAP","0","0","AF647",73.64,31.09,155.61,0,0,1300,2289.28,0,5.67,33.17,5.65,22011,0,65535,0,NA,0,0,1542,1300,NA,NA,NA,NA,0,NA,1542,65535,"negative"
"193","AF647_SME_Normalized_Composite_MkyFISH_SVZa_ctrl_slide150_GFAP-FITC_APLNR-Cy3_VIM-AF647_40x_Z_pos2.tif","0288","GFAP","0","0","AF647",107.75,0,0,0,0,0,0,0,NA,NA,0,0,0,65535,0,NA,0,0,1542,0,NA,NA,NA,NA,0,NA,1542,65535,"negative"
"194","AF647_SME_Normalized_Composite_MkyFISH_SVZa_ctrl_slide150_GFAP-FITC_APLNR-Cy3_VIM-AF647_40x_Z_pos2.tif","0293","GFAP","0","0","AF647",141.55,0,0,0,0,0,0,0,NA,NA,0,0,0,65535,0,NA,0,0,1542,0,NA,NA,NA,NA,0,NA,1542,65535,"negative"
"195","AF647_SME_Normalized_Composite_MkyFISH_SVZa_ctrl_slide150_GFAP-FITC_APLNR-Cy3_VIM-AF647_40x_Z_pos2.tif","0300","GFAP","0","0","AF647",112.85,0,0,0,0,0,0,0,NA,NA,0,0,0,65535,0,NA,0,0,1542,0,NA,NA,NA,NA,0,NA,1542,65535,"negative"
"196","AF647_SME_Normalized_Composite_MkyFISH_SVZa_ctrl_slide150_GFAP-FITC_APLNR-Cy3_VIM-AF647_40x_Z_pos2.tif","0302","GFAP","APLNR","0","AF647",118.98,0,0,0,0,0,0,0,NA,NA,0,0,0,65535,0,NA,0,0,1542,0,NA,NA,NA,NA,0,NA,1542,65535,"negative"
"197","AF647_SME_Normalized_Composite_MkyFISH_SVZa_ctrl_slide150_GFAP-FITC_APLNR-Cy3_VIM-AF647_40x_Z_pos2.tif","0309","GFAP","0","0","AF647",104.84,0,0,0,0,0,0,0,NA,NA,0,0,0,65535,0,NA,0,0,1542,0,NA,NA,NA,NA,0,NA,1542,65535,"negative"
"198","FITC_SME_Normalized_Composite_MkyFISH_SVZa_isch_slide89_Glut1-fitc_APLNR-cy3_VIM-af647_40x_Z_pos2.tif","0002","0","APLNR","VIM","FITC",94.75,0,0,0,0,0,0,0,NA,NA,0,0,0,65535,0,NA,0,0,257,0,NA,NA,NA,NA,0,NA,257,65535,"negative"
"199","FITC_SME_Normalized_Composite_MkyFISH_SVZa_isch_slide89_Glut1-fitc_APLNR-cy3_VIM-af647_40x_Z_pos2.tif","0012","0","0","VIM","FITC",43.99,0,0,0,0,0,0,0,NA,NA,0,0,0,65535,0,NA,0,0,257,0,NA,NA,NA,NA,0,NA,257,65535,"negative"
"200","FITC_SME_Normalized_Composite_MkyFISH_SVZa_isch_slide89_Glut1-fitc_APLNR-cy3_VIM-af647_40x_Z_pos2.tif","0023","0","0","0","FITC",60.74,0,0,0,0,0,0,0,NA,NA,0,0,0,65535,0,NA,0,0,257,0,NA,NA,NA,NA,0,NA,257,65535,"negative"
"201","FITC_SME_Normalized_Composite_MkyFISH_SVZa_isch_slide89_Glut1-fitc_APLNR-cy3_VIM-af647_40x_Z_pos2.tif","0034","0","0","0","FITC",163.81,0,0,0,0,0,0,0,NA,NA,0,0,0,65535,0,NA,0,0,257,0,NA,NA,NA,NA,0,NA,257,65535,"negative"
"202","FITC_SME_Normalized_Composite_MkyFISH_SVZa_isch_slide89_Glut1-fitc_APLNR-cy3_VIM-af647_40x_Z_pos2.tif","0037","0","0","0","FITC",86.64,0,0,0,0,0,0,0,NA,NA,0,0,0,65535,0,NA,0,0,257,0,NA,NA,NA,NA,0,NA,257,65535,"negative"
"203","FITC_SME_Normalized_Composite_MkyFISH_SVZa_isch_slide89_Glut1-fitc_APLNR-cy3_VIM-af647_40x_Z_pos2.tif","0041","0","0","VIM","FITC",86.64,0,0,0,0,0,0,0,NA,NA,0,0,0,65535,0,NA,0,0,257,0,NA,NA,NA,NA,0,NA,257,65535,"negative"
"204","FITC_SME_Normalized_Composite_MkyFISH_SVZa_isch_slide89_Glut1-fitc_APLNR-cy3_VIM-af647_40x_Z_pos2.tif","0043","0","APLNR","VIM","FITC",66.98,0,0,0,0,0,0,0,NA,NA,0,0,0,65535,0,NA,0,0,257,0,NA,NA,NA,NA,0,NA,257,65535,"negative"
"205","FITC_SME_Normalized_Composite_MkyFISH_SVZa_isch_slide89_Glut1-fitc_APLNR-cy3_VIM-af647_40x_Z_pos2.tif","0056","GLUT1","0","VIM","FITC",73.64,14747.94,17994.25,0,0,62560,1085985.35,7014,1.24,0.45,73.73,10441538,0,65535,53.36,20351.82,18244.75,62492,294,62560,1085875.72,14659,0.89,-0.32,72.46,10440484,257,65535,"positive"
"206","FITC_SME_Normalized_Composite_MkyFISH_SVZa_isch_slide89_Glut1-fitc_APLNR-cy3_VIM-af647_40x_Z_pos2.tif","0058","GLUT1","0","VIM","FITC",78.63,12234.96,16322.49,0,0,63842,962019.66,2585,1.32,0.96,56.22,9249632,0,65535,43.47,22126.17,16217.9,63791,345,63842,961926.68,20302,0.73,-0.07,55.29,9248738,257,65535,"positive"
"207","FITC_SME_Normalized_Composite_MkyFISH_SVZa_isch_slide89_Glut1-fitc_APLNR-cy3_VIM-af647_40x_Z_pos2.tif","0060","0","APLNR","VIM","FITC",75.09,28.93,199.14,0,0,2222,2172.59,0,8.02,68.78,2.91,20889,0,65535,1.87,1135,590.42,854,341,2222,2124.85,956,0.48,-1.14,2.49,20430,257,65535,"negative"
"208","FITC_SME_Normalized_Composite_MkyFISH_SVZa_isch_slide89_Glut1-fitc_APLNR-cy3_VIM-af647_40x_Z_pos2.tif","0064","0","APLNR","0","FITC",67.5,92.12,400.93,0,0,3920,6217.81,0,5.71,37.4,8.32,59783,0,65535,4.99,1230.21,886.07,294,259,3920,6141.57,995,1.29,1.15,7.4,59050,257,65535,"negative"
"209","FITC_SME_Normalized_Composite_MkyFISH_SVZa_isch_slide89_Glut1-fitc_APLNR-cy3_VIM-af647_40x_Z_pos2.tif","0066","0","APLNR","0","FITC",135.21,0,0,0,0,0,0,0,NA,NA,0,0,0,65535,0,NA,0,0,257,0,NA,NA,NA,NA,0,NA,257,65535,"negative"
"210","FITC_SME_Normalized_Composite_MkyFISH_SVZa_isch_slide89_Glut1-fitc_APLNR-cy3_VIM-af647_40x_Z_pos2.tif","0073","0","0","0","FITC",65.11,0,0,0,0,0,0,0,NA,NA,0,0,0,65535,0,NA,0,0,257,0,NA,NA,NA,NA,0,NA,257,65535,"negative"
"211","FITC_SME_Normalized_Composite_MkyFISH_SVZa_isch_slide89_Glut1-fitc_APLNR-cy3_VIM-af647_40x_Z_pos2.tif","0074","0","APLNR","VIM","FITC",95.06,0,0,0,0,0,0,0,NA,NA,0,0,0,65535,0,NA,0,0,257,0,NA,NA,NA,NA,0,NA,257,65535,"negative"
"212","FITC_SME_Normalized_Composite_MkyFISH_SVZa_isch_slide89_Glut1-fitc_APLNR-cy3_VIM-af647_40x_Z_pos2.tif","0081","GLUT1","APLNR","VIM","FITC",73.22,15523.38,18635.3,0,0,61962,1136628.08,8177,1.25,0.37,76.7,10928458,0,65535,55.44,20502.22,18885.22,3047,260,61962,1136547.58,13325,0.96,-0.35,75.71,10927684,257,65535,"positive"
"213","FITC_SME_Normalized_Composite_MkyFISH_SVZa_isch_slide89_Glut1-fitc_APLNR-cy3_VIM-af647_40x_Z_pos2.tif","0087","0","APLNR","0","FITC",147.38,0,0,0,0,0,0,0,NA,NA,0,0,0,65535,0,NA,0,0,257,0,NA,NA,NA,NA,0,NA,257,65535,"negative"
"214","FITC_SME_Normalized_Composite_MkyFISH_SVZa_isch_slide89_Glut1-fitc_APLNR-cy3_VIM-af647_40x_Z_pos2.tif","0093","0","APLNR","0","FITC",65.32,0,0,0,0,0,0,0,NA,NA,0,0,0,65535,0,NA,0,0,257,0,NA,NA,NA,NA,0,NA,257,65535,"negative"
"215","FITC_SME_Normalized_Composite_MkyFISH_SVZa_isch_slide89_Glut1-fitc_APLNR-cy3_VIM-af647_40x_Z_pos2.tif","0100","0","0","0","FITC",76.86,0,0,0,0,0,0,0,NA,NA,0,0,0,65535,0,NA,0,0,257,0,NA,NA,NA,NA,0,NA,257,65535,"negative"
"216","FITC_SME_Normalized_Composite_MkyFISH_SVZa_isch_slide89_Glut1-fitc_APLNR-cy3_VIM-af647_40x_Z_pos2.tif","0104","0","APLNR","0","FITC",61.78,0.53,8.5,0,0,185,32.76,0,18.91,386.11,0.51,315,0,65535,0,NA,0,0,257,185,NA,NA,NA,NA,0,NA,257,65535,"negative"
"217","FITC_SME_Normalized_Composite_MkyFISH_SVZa_isch_slide89_Glut1-fitc_APLNR-cy3_VIM-af647_40x_Z_pos2.tif","0108","0","0","0","FITC",67.4,0,0,0,0,0,0,0,NA,NA,0,0,0,65535,0,NA,0,0,257,0,NA,NA,NA,NA,0,NA,257,65535,"negative"
"218","FITC_SME_Normalized_Composite_MkyFISH_SVZa_isch_slide89_Glut1-fitc_APLNR-cy3_VIM-af647_40x_Z_pos2.tif","0114","0","0","0","FITC",64.59,0,0,0,0,0,0,0,NA,NA,0,0,0,65535,0,NA,0,0,257,0,NA,NA,NA,NA,0,NA,257,65535,"negative"
"219","FITC_SME_Normalized_Composite_MkyFISH_SVZa_isch_slide89_Glut1-fitc_APLNR-cy3_VIM-af647_40x_Z_pos2.tif","0115","0","0","0","FITC",114.93,0,0,0,0,0,0,0,NA,NA,0,0,0,65535,0,NA,0,0,257,0,NA,NA,NA,NA,0,NA,257,65535,"negative"
"220","FITC_SME_Normalized_Composite_MkyFISH_SVZa_isch_slide89_Glut1-fitc_APLNR-cy3_VIM-af647_40x_Z_pos2.tif","0131","0","APLNR","0","FITC",137.5,82.66,395.62,0,0,3844,11365.8,0,5.8,36.69,6.81,109280,0,65535,7.7,1457.45,894.54,543,355,3844,11217.18,1210,0.8,-0.22,5.6,107851,257,65535,"negative"
"221","FITC_SME_Normalized_Composite_MkyFISH_SVZa_isch_slide89_Glut1-fitc_APLNR-cy3_VIM-af647_40x_Z_pos2.tif","0143","0","0","0","FITC",135.42,0,0,0,0,0,0,0,NA,NA,0,0,0,65535,0,NA,0,0,257,0,NA,NA,NA,NA,0,NA,257,65535,"negative"
"222","FITC_SME_Normalized_Composite_MkyFISH_SVZa_isch_slide89_Glut1-fitc_APLNR-cy3_VIM-af647_40x_Z_pos2.tif","0153","0","APLNR","0","FITC",163.29,0,0,0,0,0,0,0,NA,NA,0,0,0,65535,0,NA,0,0,257,0,NA,NA,NA,NA,0,NA,257,65535,"negative"
"223","FITC_SME_Normalized_Composite_MkyFISH_SVZa_isch_slide89_Glut1-fitc_APLNR-cy3_VIM-af647_40x_Z_pos2.tif","0176","0","0","0","FITC",54.71,0,0,0,0,0,0,0,NA,NA,0,0,0,65535,0,NA,0,0,257,0,NA,NA,NA,NA,0,NA,257,65535,"negative"
"224","FITC_SME_Normalized_Composite_MkyFISH_SVZa_isch_slide89_Glut1-fitc_APLNR-cy3_VIM-af647_40x_Z_pos2.tif","0185","0","APLNR","0","FITC",136.46,0,0,0,0,0,0,0,NA,NA,0,0,0,65535,0,NA,0,0,257,0,NA,NA,NA,NA,0,NA,257,65535,"negative"
"225","FITC_SME_Normalized_Composite_MkyFISH_SVZa_isch_slide89_Glut1-fitc_APLNR-cy3_VIM-af647_40x_Z_pos2.tif","0197","0","0","0","FITC",115.34,0,0,0,0,0,0,0,NA,NA,0,0,0,65535,0,NA,0,0,257,0,NA,NA,NA,NA,0,NA,257,65535,"negative"
"226","FITC_SME_Normalized_Composite_MkyFISH_SVZa_isch_slide89_Glut1-fitc_APLNR-cy3_VIM-af647_40x_Z_pos2.tif","0201","0","0","0","FITC",96.62,0,0,0,0,0,0,0,NA,NA,0,0,0,65535,0,NA,0,0,257,0,NA,NA,NA,NA,0,NA,257,65535,"negative"
"227","FITC_SME_Normalized_Composite_MkyFISH_SVZa_isch_slide89_Glut1-fitc_APLNR-cy3_VIM-af647_40x_Z_pos2.tif","0217","GLUT1","APLNR","0","FITC",86.01,3840.5,8532.32,0,0,42175,330333.46,0,2.38,4.76,27.09,3176092,0,65535,22.88,14433.93,10999.45,2038,277,42175,330268.25,12726,0.53,-0.9,26.6,3175465,257,65535,"positive"
"228","FITC_SME_Normalized_Composite_MkyFISH_SVZa_isch_slide89_Glut1-fitc_APLNR-cy3_VIM-af647_40x_Z_pos2.tif","0232","0","APLNR","0","FITC",167.76,0,0,0,0,0,0,0,NA,NA,0,0,0,65535,0,NA,0,0,257,0,NA,NA,NA,NA,0,NA,257,65535,"negative"
"229","FITC_SME_Normalized_Composite_MkyFISH_SVZa_isch_slide89_Glut1-fitc_APLNR-cy3_VIM-af647_40x_Z_pos2.tif","0245","0","0","0","FITC",59.49,0,0,0,0,0,0,0,NA,NA,0,0,0,65535,0,NA,0,0,257,0,NA,NA,NA,NA,0,NA,257,65535,"negative"
"230","FITC_SME_Normalized_Composite_MkyFISH_SVZa_isch_slide89_Glut1-fitc_APLNR-cy3_VIM-af647_40x_Z_pos2.tif","0249","0","APLNR","0","FITC",79.77,0,0,0,0,0,0,0,NA,NA,0,0,0,65535,0,NA,0,0,990,0,NA,NA,NA,NA,0,NA,257,65535,"negative"
"231","FITC_SME_Normalized_Composite_MkyFISH_SVZa_isch_slide89_Glut1-fitc_APLNR-cy3_VIM-af647_40x_Z_pos2.tif","0257","GLUT1","0","VIM","FITC",90.69,2888.97,8809.49,0,0,65535,262010.6,0,3.71,14.39,20.07,2519181,0,65535,17.79,14729.11,14906.71,293,259,65535,261958.18,8245,1.07,0.3,19.61,2518677,257,65535,"positive"
"232","AF647_SME_Normalized_Composite_MkyFISH_SVZa_isch_slide89_Glut1-fitc_APLNR-cy3_VIM-af647_40x_Z_pos2.tif","0002","0","APLNR","VIM","AF647",94.75,1936.73,3443.13,0,0,17460,183504.28,0,2.2,4.56,43.69,1764358,0,65535,39.83,4602.01,3994,334,265,17460,183318.42,3211,1.22,0.75,42.04,1762571,257,65535,"positive"
"233","AF647_SME_Normalized_Composite_MkyFISH_SVZa_isch_slide89_Glut1-fitc_APLNR-cy3_VIM-af647_40x_Z_pos2.tif","0012","0","0","VIM","AF647",43.99,2025.2,3017.24,0,0,14926,89098.01,0,1.58,2.05,46.34,856660,0,65535,19.97,4458.74,3035.18,1567,264,14926,89037.47,3965,0.86,0.64,45.39,856078,257,65535,"positive"
"234","AF647_SME_Normalized_Composite_MkyFISH_SVZa_isch_slide89_Glut1-fitc_APLNR-cy3_VIM-af647_40x_Z_pos2.tif","0023","0","0","0","AF647",60.74,42.59,227.2,0,0,2792,2586.74,0,7.26,61.89,6.16,24871,0,65535,2.7,902.65,624.33,736,257,2792,2440.92,736,1.33,1.33,4.45,23469,257,65535,"negative"
"235","AF647_SME_Normalized_Composite_MkyFISH_SVZa_isch_slide89_Glut1-fitc_APLNR-cy3_VIM-af647_40x_Z_pos2.tif","0034","0","0","0","AF647",163.81,9.09,132.29,0,0,3166,1489.06,0,19.26,405.74,1.21,14317,0,65535,1.14,1211,1066.54,288,288,3166,1385.47,904,0.86,-0.68,0.7,13321,257,65535,"negative"
"236","AF647_SME_Normalized_Composite_MkyFISH_SVZa_isch_slide89_Glut1-fitc_APLNR-cy3_VIM-af647_40x_Z_pos2.tif","0037","0","0","0","AF647",86.64,86.5,542.29,0,0,7116,7494.07,0,8.92,91.08,5.4,72054,0,65535,4.06,1828.36,1780.08,608,264,7116,7416.27,1087,1.65,1.8,4.68,71306,257,65535,"negative"
"237","AF647_SME_Normalized_Composite_MkyFISH_SVZa_isch_slide89_Glut1-fitc_APLNR-cy3_VIM-af647_40x_Z_pos2.tif","0041","0","0","VIM","AF647",86.64,3360.46,6912.68,0,0,41369,291141.2,0,2.51,5.99,39.02,2799266,0,65535,32.45,8966.92,8798.81,744,264,41369,290976.03,5197,1.18,0.54,37.45,2797678,257,65535,"positive"
"238","AF647_SME_Normalized_Composite_MkyFISH_SVZa_isch_slide89_Glut1-fitc_APLNR-cy3_VIM-af647_40x_Z_pos2.tif","0043","0","APLNR","VIM","AF647",66.98,109.99,697.67,0,0,7801,7367.18,0,7.85,66.3,4.5,70834,0,65535,2.81,2619.04,2283.33,470,333,7801,7354.7,1704,0.88,-0.54,4.19,70714,257,65535,"positive"
"239","AF647_SME_Normalized_Composite_MkyFISH_SVZa_isch_slide89_Glut1-fitc_APLNR-cy3_VIM-af647_40x_Z_pos2.tif","0056","GLUT1","0","VIM","AF647",73.64,18158.9,17967.26,0,0,53477,1337156.31,12322,0.7,-0.86,79.52,12856498,0,65535,58.04,23038.93,17238.06,52998,264,53477,1337075.81,19104,0.46,-1.13,78.81,12855724,257,65535,"positive"
"240","AF647_SME_Normalized_Composite_MkyFISH_SVZa_isch_slide89_Glut1-fitc_APLNR-cy3_VIM-af647_40x_Z_pos2.tif","0058","GLUT1","0","VIM","AF647",78.63,10582.67,16146.05,0,0,63823,832102.32,1909,1.79,2.47,58.86,8000502,0,65535,45.03,18474.01,17593.2,63617,264,63823,831971.79,12939,1.14,0.39,57.28,7999247,257,65535,"positive"
"241","AF647_SME_Normalized_Composite_MkyFISH_SVZa_isch_slide89_Glut1-fitc_APLNR-cy3_VIM-af647_40x_Z_pos2.tif","0060","0","APLNR","VIM","AF647",75.09,201.39,612.61,0,0,4376,15122.72,0,3.67,14.35,15.37,145402,0,65535,10.4,1440.6,964.77,471,264,4376,14983.14,1156,0.9,0.28,13.85,144060,257,65535,"positive"
"242","AF647_SME_Normalized_Composite_MkyFISH_SVZa_isch_slide89_Glut1-fitc_APLNR-cy3_VIM-af647_40x_Z_pos2.tif","0064","0","APLNR","0","AF647",67.5,1312.06,3664.77,0,0,38629,88563.93,0,5.73,45.56,25.58,851525,0,65535,16.75,5284.58,5768.4,1361,402,38629,88490.4,3416,3.6,16.14,24.81,850818,257,65535,"negative"
"243","AF647_SME_Normalized_Composite_MkyFISH_SVZa_isch_slide89_Glut1-fitc_APLNR-cy3_VIM-af647_40x_Z_pos2.tif","0066","0","APLNR","0","AF647",135.21,0,0,0,0,0,0,0,NA,NA,0,0,0,65535,0,NA,0,0,257,0,NA,NA,NA,NA,0,NA,257,65535,"negative"
"244","AF647_SME_Normalized_Composite_MkyFISH_SVZa_isch_slide89_Glut1-fitc_APLNR-cy3_VIM-af647_40x_Z_pos2.tif","0073","0","0","0","AF647",65.11,25.38,179.93,0,0,2320,1652.66,0,9.19,93.23,3.67,15890,0,65535,1.87,854.83,660.61,265,264,2320,1600.34,539,0.99,-0.32,2.88,15387,257,65535,"negative"
"245","AF647_SME_Normalized_Composite_MkyFISH_SVZa_isch_slide89_Glut1-fitc_APLNR-cy3_VIM-af647_40x_Z_pos2.tif","0074","0","APLNR","VIM","AF647",95.06,375.7,1096.26,0,0,9171,35714.61,0,3.75,15.71,18.93,343389,0,65535,16.75,2122.02,1769.51,265,265,9171,35533.22,1567,1.21,1.19,17.61,341645,257,65535,"positive"
"246","AF647_SME_Normalized_Composite_MkyFISH_SVZa_isch_slide89_Glut1-fitc_APLNR-cy3_VIM-af647_40x_Z_pos2.tif","0081","GLUT1","APLNR","VIM","AF647",73.22,9660.55,14793.63,0,0,58342,707349.09,0,1.59,1.66,49.72,6801024,0,65535,36.09,19598.59,15790.33,58137,264,58342,707316.54,15474,0.76,-0.3,49.29,6800711,257,65535,"positive"
"247","AF647_SME_Normalized_Composite_MkyFISH_SVZa_isch_slide89_Glut1-fitc_APLNR-cy3_VIM-af647_40x_Z_pos2.tif","0087","0","APLNR","0","AF647",147.38,11.63,71.03,0,0,1013,1714.13,0,7.51,65.05,3.95,16481,0,65535,3.22,445.26,165.27,259,259,1013,1435.6,442,1.31,2.57,2.19,13803,257,65535,"negative"
"248","AF647_SME_Normalized_Composite_MkyFISH_SVZa_isch_slide89_Glut1-fitc_APLNR-cy3_VIM-af647_40x_Z_pos2.tif","0093","0","APLNR","0","AF647",65.32,5.08,60.12,0,0,940,331.88,0,13.55,192.42,0.96,3191,0,65535,0.42,686,315.34,260,260,940,285.39,909,-0.61,-1.22,0.64,2744,257,65535,"negative"
"249","AF647_SME_Normalized_Composite_MkyFISH_SVZa_isch_slide89_Glut1-fitc_APLNR-cy3_VIM-af647_40x_Z_pos2.tif","0100","0","0","0","AF647",76.86,0,0,0,0,0,0,0,NA,NA,0,0,0,65535,0,NA,0,0,2058,0,NA,NA,NA,NA,0,NA,257,65535,"negative"
"250","AF647_SME_Normalized_Composite_MkyFISH_SVZa_isch_slide89_Glut1-fitc_APLNR-cy3_VIM-af647_40x_Z_pos2.tif","0104","0","APLNR","0","AF647",61.78,0,0,0,0,0,0,0,NA,NA,0,0,0,65535,0,NA,0,0,1169,0,NA,NA,NA,NA,0,NA,257,65535,"negative"
"251","AF647_SME_Normalized_Composite_MkyFISH_SVZa_isch_slide89_Glut1-fitc_APLNR-cy3_VIM-af647_40x_Z_pos2.tif","0108","0","0","0","AF647",67.4,0,0,0,0,0,0,0,NA,NA,0,0,0,65535,0,NA,0,0,257,0,NA,NA,NA,NA,0,NA,257,65535,"negative"
"252","AF647_SME_Normalized_Composite_MkyFISH_SVZa_isch_slide89_Glut1-fitc_APLNR-cy3_VIM-af647_40x_Z_pos2.tif","0114","0","0","0","AF647",64.59,5.68,43.97,0,0,546,366.62,0,8.89,85.44,2.09,3525,0,65535,0.52,422.8,101.83,272,272,546,219.87,443,-0.4,-0.81,0.81,2114,257,65535,"negative"
"253","AF647_SME_Normalized_Composite_MkyFISH_SVZa_isch_slide89_Glut1-fitc_APLNR-cy3_VIM-af647_40x_Z_pos2.tif","0115","0","0","0","AF647",114.93,0.87,12.91,0,0,264,100.16,0,16.51,286.92,0.72,963,0,65535,0.1,264,0,264,264,264,27.46,264,NA,NA,0.09,264,257,65535,"negative"
"254","AF647_SME_Normalized_Composite_MkyFISH_SVZa_isch_slide89_Glut1-fitc_APLNR-cy3_VIM-af647_40x_Z_pos2.tif","0131","0","APLNR","0","AF647",137.5,126.99,512.65,0,0,4784,17461.3,0,5.22,30.47,10.06,167887,0,65535,12.27,1408.06,1071.26,262,262,4784,17280.74,1085,1.16,0.65,8.93,166151,257,65535,"negative"
"255","AF647_SME_Normalized_Composite_MkyFISH_SVZa_isch_slide89_Glut1-fitc_APLNR-cy3_VIM-af647_40x_Z_pos2.tif","0143","0","0","0","AF647",135.42,0,0,0,0,0,0,0,NA,NA,0,0,0,65535,0,NA,0,0,257,0,NA,NA,NA,NA,0,NA,257,65535,"negative"
"256","AF647_SME_Normalized_Composite_MkyFISH_SVZa_isch_slide89_Glut1-fitc_APLNR-cy3_VIM-af647_40x_Z_pos2.tif","0153","0","APLNR","0","AF647",163.29,0,0,0,0,0,0,0,NA,NA,0,0,0,65535,0,NA,0,0,257,0,NA,NA,NA,NA,0,NA,257,65535,"negative"
"257","AF647_SME_Normalized_Composite_MkyFISH_SVZa_isch_slide89_Glut1-fitc_APLNR-cy3_VIM-af647_40x_Z_pos2.tif","0176","0","0","0","AF647",54.71,0,0,0,0,0,0,0,NA,NA,0,0,0,65535,0,NA,0,0,257,0,NA,NA,NA,NA,0,NA,257,65535,"negative"
"258","AF647_SME_Normalized_Composite_MkyFISH_SVZa_isch_slide89_Glut1-fitc_APLNR-cy3_VIM-af647_40x_Z_pos2.tif","0185","0","APLNR","0","AF647",136.46,0,0,0,0,0,0,0,NA,NA,0,0,0,65535,0,NA,0,0,257,0,NA,NA,NA,NA,0,NA,257,65535,"negative"
"259","AF647_SME_Normalized_Composite_MkyFISH_SVZa_isch_slide89_Glut1-fitc_APLNR-cy3_VIM-af647_40x_Z_pos2.tif","0197","0","0","0","AF647",115.34,0,0,0,0,0,0,0,NA,NA,0,0,0,65535,0,NA,0,0,257,0,NA,NA,NA,NA,0,NA,257,65535,"negative"
"260","AF647_SME_Normalized_Composite_MkyFISH_SVZa_isch_slide89_Glut1-fitc_APLNR-cy3_VIM-af647_40x_Z_pos2.tif","0201","0","0","0","AF647",96.62,0,0,0,0,0,0,0,NA,NA,0,0,0,65535,0,NA,0,0,257,0,NA,NA,NA,NA,0,NA,257,65535,"negative"
"261","AF647_SME_Normalized_Composite_MkyFISH_SVZa_isch_slide89_Glut1-fitc_APLNR-cy3_VIM-af647_40x_Z_pos2.tif","0217","GLUT1","APLNR","0","AF647",86.01,445.48,1700.93,0,0,13445,38317.05,0,4.46,20.62,11.25,368411,0,65535,8.74,4374.21,3376.9,565,291,13445,38215.44,4196,0.61,-0.64,10.16,367434,257,65535,"negative"
"262","AF647_SME_Normalized_Composite_MkyFISH_SVZa_isch_slide89_Glut1-fitc_APLNR-cy3_VIM-af647_40x_Z_pos2.tif","0232","0","APLNR","0","AF647",167.76,16.12,119,0,0,2345,2704.79,0,11,151.62,4.09,26006,0,65535,3.33,710.56,461.48,357,261,2345,2364.89,563,1.78,3.29,1.98,22738,257,65535,"negative"
"263","AF647_SME_Normalized_Composite_MkyFISH_SVZa_isch_slide89_Glut1-fitc_APLNR-cy3_VIM-af647_40x_Z_pos2.tif","0245","0","0","0","AF647",59.49,0,0,0,0,0,0,0,NA,NA,0,0,0,65535,0,NA,0,0,257,0,NA,NA,NA,NA,0,NA,257,65535,"negative"
"264","AF647_SME_Normalized_Composite_MkyFISH_SVZa_isch_slide89_Glut1-fitc_APLNR-cy3_VIM-af647_40x_Z_pos2.tif","0249","0","APLNR","0","AF647",79.77,3.15,28.38,0,0,485,251.38,0,11.7,156.98,1.96,2417,0,65535,0.21,416.5,96.87,348,348,485,86.64,485,0,-2,0.26,833,257,65535,"negative"
"265","AF647_SME_Normalized_Composite_MkyFISH_SVZa_isch_slide89_Glut1-fitc_APLNR-cy3_VIM-af647_40x_Z_pos2.tif","0257","GLUT1","0","VIM","AF647",90.69,630.17,2211.96,0,0,16681,57152.59,0,4.37,20.35,13.65,549511,0,65535,11.65,4896.32,4161.8,2363,307,16681,57035.79,3801,1.02,0.06,12.84,548388,257,65535,"positive"
